이벤트발생일,수분6,수분7,수분8,수분9,수분10
2022-11-24 11:22,27.5,9.6,24.4,29.7,14
2022-11-24 11:26,27.5,27.2,24.4,30,23.8
2022-11-24 11:57,27,28.3,25.6,32,24.7
2022-11-24 12:28,27.4,29.4,27.3,33.3,25.4
2022-11-24 12:59,27.5,28.9,27.4,33.8,25.6
2022-11-24 13:30,26.4,28.2,25.6,33.8,25.6
2022-11-24 14:01,27.2,28.3,25.6,34.1,25.8
2022-11-24 14:32,27,28.8,25.6,34.1,25.6
2022-11-24 15:03,27,28.6,25.6,34,25.6
2022-11-24 15:34,26.8,28.9,25.6,33.7,25.5
2022-11-24 16:05,27.7,28.3,25.1,33.3,25.1
2022-11-24 16:36,27.2,25.9,24.2,33.1,24.4
2022-11-24 17:07,26.2,27.8,23.1,32,23.4
2022-11-24 17:38,25.2,24.2,21.8,32,23.2
2022-11-24 18:09,28.1,23.2,21,30.7,22.8
2022-11-24 18:40,26.9,26.9,20.8,30.7,22.7
2022-11-24 19:11,29.7,27.4,22.7,30.9,22.1
2022-11-24 19:42,28.2,24.7,22.6,30.6,22
2022-11-24 20:13,27.5,24.3,22.8,30.7,22.4
2022-11-24 20:44,27.8,27.5,22.6,29.8,22.4
2022-11-24 21:15,28.8,25.5,22.5,30.4,22
2022-11-24 21:46,27.2,25.6,22.2,30,22.1
2022-11-24 22:17,28.6,24.6,22.6,29.6,21.9
2022-11-24 22:48,27.8,26.3,22.1,29.4,21.5
2022-11-24 23:19,27.5,25.2,22.1,30.1,21.8
2022-11-24 23:50,28.5,26.2,22.2,30,21.8
2022-11-25 0:21,26.2,25.6,21.8,29.8,21.5
2022-11-25 0:52,29.7,25.1,21.8,29.7,21.8
2022-11-25 1:23,29.3,25.6,22.1,29.4,21.2
2022-11-25 1:54,26.9,26,22.5,29.7,21
2022-11-25 2:25,26,24.9,22.7,29.6,21.1
2022-11-25 2:56,27.7,26.8,22.4,29.4,22
2022-11-25 3:27,26.4,24.9,22,29.4,21.8
2022-11-25 3:58,30.4,26.2,22,28.9,21.8
2022-11-25 4:29,32.4,26,22,28.8,21.1
2022-11-25 5:00,33.6,27.4,21.5,29.6,21
2022-11-25 5:31,27.4,24.2,21.5,29.3,21.8
2022-11-25 6:02,29.7,24.9,20.3,29.3,21
2022-11-25 6:33,28.5,23.7,21.4,28.9,20.9
2022-11-25 7:04,27.9,24.7,21.4,29.3,21.2
2022-11-25 8:06,26.4,24.3,22.1,30.1,22.5
2022-11-25 8:37,25.6,25.1,23.2,30.2,22.2
2022-11-25 9:08,30.2,28.2,22.9,30.7,23.2
2022-11-25 9:39,28.4,27.8,24.8,31.4,23.4
2022-11-25 10:10,27.9,27.5,25.4,32.3,24.3
2022-11-25 10:41,28.9,29.3,25.8,32.9,24.8
2022-11-25 11:12,28.4,28.5,25.6,33.1,24.7
2022-11-25 11:43,28.3,28.5,26.2,33.4,25
2022-11-25 12:14,28.5,30.1,27.4,34.1,25.6
2022-11-25 12:45,28.8,30.2,27.5,34.7,25.9
2022-11-25 13:16,27.5,28.5,25.2,33.6,25.6
2022-11-25 13:47,27.5,28.3,25.8,34.1,25.9
2022-11-25 14:18,27.5,29.4,25.2,34.1,25.6
2022-11-25 14:49,27.9,28.5,24.8,33.3,25.4
2022-11-25 15:20,27.3,27.7,25.6,34.5,25.6
2022-11-25 15:51,28.3,27.3,25.1,33.8,25.2
2022-11-25 16:22,26.4,28.6,24.7,33.1,25.1
2022-11-25 16:53,27.9,25.6,23.4,33.1,24.2
2022-11-25 17:24,28.1,25.5,22.2,32,23.2
2022-11-25 17:55,28.6,24.7,21.8,30.7,23.2
2022-11-25 18:26,26.8,26.2,21.1,30.4,22.8
2022-11-25 18:57,29.8,27.5,23.3,30.6,22.7
2022-11-25 19:28,27.8,25.4,23.1,30.4,22.5
2022-11-25 19:59,29.7,27.2,23.1,30.4,22.1
2022-11-25 20:30,28.2,24.8,22.9,30.2,22.2
2022-11-25 21:01,29.4,25.6,22.8,30.4,22.4
2022-11-25 21:32,29.3,25.9,22.7,30,22.1
2022-11-25 22:03,29.4,25,22.8,30.4,22.6
2022-11-25 22:34,27.5,28.6,23.7,30.6,22.8
2022-11-25 23:05,27.4,24.3,22.8,31.1,22.6
2022-11-26 0:07,28.4,24.7,22.8,30.4,22.1
2022-11-26 0:38,28.2,24.3,22.6,30.7,22
2022-11-26 1:09,27.8,27.5,23.1,30.6,22.2
2022-11-26 1:40,28.6,27.5,22.8,30.7,22.4
2022-11-26 2:11,27.8,26.8,23.6,30.4,22.5
2022-11-26 2:42,27.9,26.9,23.4,31.3,22.6
2022-11-26 3:13,28.2,26.2,23.8,30.7,23.1
2022-11-26 3:44,29.8,28.3,24.2,30.9,23.2
2022-11-26 4:15,30.1,25.4,23.7,31.1,23.3
2022-11-26 4:46,29.7,27.8,23.6,31.4,22.9
2022-11-26 5:17,30.1,26.8,23.4,30.4,22.8
2022-11-26 5:48,27.8,25,23.4,30.2,22.4
2022-11-26 6:19,28.5,24.8,22.4,30.6,22.1
2022-11-26 6:50,27.5,24.9,22.2,30.7,22.1
2022-11-26 7:21,26.9,24.4,22.6,30,22.5
2022-11-26 7:52,26.3,27.5,22.1,30.1,21.9
2022-11-26 8:23,31.1,24.9,23.2,30.6,22.9
2022-11-26 8:54,29.7,26.4,24.8,31.1,23.4
2022-11-26 9:25,28.5,28.4,25.5,32.2,24.4
2022-11-26 9:56,28.1,28.6,26.2,32.9,25
2022-11-26 10:27,28.2,28.8,26.9,33.3,25.1
2022-11-26 10:58,28.1,29.6,26.9,33.4,25.2
2022-11-26 11:29,28.3,30,27.5,34,25.6
2022-11-26 12:00,28.8,30,27.5,34.5,25.6
2022-11-26 12:31,28.4,29.6,27.4,34.7,25.6
2022-11-26 13:02,28.1,29.3,27,34.1,25.6
2022-11-26 13:33,27.5,28.5,25.4,34,25.6
2022-11-26 14:04,27.5,27.5,25.1,34,25.5
2022-11-26 14:35,27.5,27.7,24.8,33.6,25.1
2022-11-26 15:06,27.3,26.9,23.7,33.1,24.6
2022-11-26 15:37,26.9,26.2,24.3,33.1,24.7
2022-11-26 16:08,27.5,25.8,23.6,32.4,24.3
2022-11-26 16:39,26.4,27.3,22.7,31.4,23.6
2022-11-26 17:10,27.7,26.3,21.8,30.7,23.1
2022-11-26 17:41,25.4,25.1,20.8,30.7,22.4
2022-11-26 18:12,26.2,24.7,20.2,30.2,22.4
2022-11-26 18:43,28.1,25.9,22.4,30.1,22
2022-11-26 19:14,29.7,25,22.4,30,22.1
2022-11-26 19:45,28.3,26.9,21.8,30.2,21.5
2022-11-26 20:16,28.8,25.1,22,30.1,21.1
2022-11-26 20:47,28.9,24.4,22,30,21.8
2022-11-26 21:18,29.6,25,21.4,29.6,21.1
2022-11-26 21:49,29.6,25.5,21.1,29.6,21
2022-11-26 22:20,25.8,24.8,21.1,28.9,20.6
2022-11-26 22:51,27.8,24.4,21.2,28.6,20.8
2022-11-26 23:22,28.4,24.9,20.8,28.5,20.7
2022-11-26 23:53,26.2,25.1,21,28.5,20.3
2022-11-27 0:24,34,24.2,20.6,28.5,21.1
2022-11-27 0:55,28.9,25.8,20.9,28.3,20.9
2022-11-27 1:26,33.8,24.4,20.3,28.2,20.3
2022-11-27 1:57,26.3,25,20.6,28.4,20.1
2022-11-27 2:28,26.4,25.9,20.3,28.3,20.6
2022-11-27 2:59,33.3,23.1,20.2,28.2,21
2022-11-27 3:30,28.1,25.2,20.3,28.4,20.9
2022-11-27 4:01,28.3,23.7,20.9,28.3,20.1
2022-11-27 4:32,27.2,24.9,20.6,28.3,20.2
2022-11-27 5:03,28.6,25.1,20.9,28.8,20.4
2022-11-27 5:34,34.5,26.3,21.1,28.3,20.4
2022-11-27 6:05,25.6,23.6,20,28.1,20.7
2022-11-27 6:36,30.4,25.1,20.6,28.2,21
2022-11-27 7:07,26.4,22.9,20.4,28.1,20.7
2022-11-27 7:38,27.9,25.4,19.9,28.4,21
2022-11-27 8:09,28.8,26.3,21,28.9,21.1
2022-11-27 8:40,30.4,25.5,22.1,29.7,22.6
2022-11-27 9:11,27.9,26.2,23.4,30.4,22.6
2022-11-27 9:42,27.9,26.3,24.2,30.7,22.8
2022-11-27 10:13,28.1,27.2,24.8,31.5,23.2
2022-11-27 10:44,28.8,27.8,25.1,32.3,23.6
2022-11-27 11:15,28.3,27.9,25.6,33.1,23.8
2022-11-27 11:46,28.6,28.2,26,33.3,24.6
2022-11-27 12:17,28.3,29.3,26.4,33.6,24.8
2022-11-27 12:48,28.2,28.9,27,34.7,25.1
2022-11-27 13:19,28.3,28.9,25.6,34.7,25.5
2022-11-27 13:50,27.2,28.4,25.5,34.7,25.4
2022-11-27 14:21,27.5,27.8,25,34,25.1
2022-11-27 14:52,27.4,27.5,24.8,33.3,24.9
2022-11-27 15:54,27.7,27.5,23.6,32.7,24.2
2022-11-27 16:25,26.9,26.4,22.7,32.2,23.7
2022-11-27 16:56,26.9,25.4,22,31.5,23.1
2022-11-27 17:27,27,25.4,21.1,30.7,22.5
2022-11-27 17:58,27.4,25.5,20.8,30.1,22.4
2022-11-27 18:29,27.7,26.2,20.3,30.6,21.5
2022-11-27 19:00,29.4,26.8,22.5,30.1,21.9
2022-11-27 19:31,26.8,25.1,22.4,29.7,21.1
2022-11-27 20:02,26.3,27.5,22,30.4,21
2022-11-27 20:33,28.4,27.4,21.2,29.3,21.5
2022-11-27 21:04,28.3,25.2,22,29.4,21.4
2022-11-27 21:35,29.3,25.6,21.2,29.6,21
2022-11-27 22:06,28.6,26.4,21.1,29.7,20.9
2022-11-27 22:37,27.8,25.6,21.2,28.8,21
2022-11-27 23:08,28.3,25.2,21,29.4,21
2022-11-27 23:39,28.4,25.6,21.1,28.9,20.7
2022-11-28 0:10,31.1,24.7,21.2,28.9,20.8
2022-11-28 0:41,29.6,24.7,20.9,29.4,21.1
2022-11-28 1:12,30.9,24.9,20.9,29.3,20.9
2022-11-28 1:43,29.7,24.9,21.1,29.4,21.1
2022-11-28 2:14,30.9,25.8,21.5,29.4,21.4
2022-11-28 2:45,31.4,24.7,22,29.7,21
2022-11-28 3:16,26.3,25.8,22.7,30,21.5
2022-11-28 3:47,27.2,26.8,22.5,30,21.9
2022-11-28 4:18,30.4,26.9,23.1,30.4,22.2
2022-11-28 4:49,30.4,27.5,22.7,30.2,22.2
2022-11-28 5:20,28.5,27.3,22.7,30.4,21.8
2022-11-28 5:51,26.9,25.4,22.7,30.4,21.8
2022-11-28 6:22,25.9,26.8,21.4,29.8,21.5
2022-11-28 6:53,28.6,26.4,22.1,30.4,21.9
2022-11-28 7:24,28.9,26.9,21.8,30.4,22
2022-11-28 7:55,30.7,26,21.9,30.4,22.7
2022-11-28 8:26,26.3,27.4,22.7,30.7,22.9
2022-11-28 8:57,29.3,25.8,23.3,31.4,22.7
2022-11-28 9:28,28.6,26.3,24.2,32.1,23.3
2022-11-28 9:59,28.8,26,23.6,32.2,23.2
2022-11-28 10:30,28.9,26.2,23.4,31.4,23.2
2022-11-28 11:01,28.9,27.2,23.7,31.4,23.3
2022-11-28 11:32,28.6,27.2,23.8,31.5,23.4
2022-11-28 12:03,29.4,28.1,23.6,32.3,23.1
2022-11-28 12:34,27.5,27.4,23.7,32,23.3
2022-11-28 13:05,26.8,25.4,22.5,32.2,23.4
2022-11-28 13:36,26.9,27.7,22.9,32.7,23.6
2022-11-28 14:07,28.1,25.6,22.9,32.5,23.7
2022-11-28 14:38,27.2,25.9,23.2,32.3,23.7
2022-11-28 15:09,27,28.1,23.2,32.7,23.8
2022-11-28 15:40,26.8,27.9,23.3,32.5,24.4
2022-11-28 16:11,28.3,26.3,23.3,32.3,24.3
2022-11-28 16:42,26.3,27.9,22.8,32.2,24.2
2022-11-28 17:13,28.5,25.6,22.5,31.5,23.7
2022-11-28 17:44,28.3,25.6,22.2,31.4,23.6
2022-11-28 18:15,27,27.5,22.2,31.1,23.4
2022-11-28 18:46,26.3,25.9,24.7,32.4,23.4
2022-11-28 19:17,27.5,28.9,24.8,32.5,23.2
2022-11-28 19:48,29.7,28.8,24.7,32.3,23.2
2022-11-28 20:19,29.8,28.4,25.4,32.4,23.7
2022-11-28 20:50,33.7,31.1,25.6,34.9,25.1
2022-11-28 21:21,33.1,36.8,27.7,35.6,28.4
2022-11-28 21:52,34.1,39.3,28.8,36.2,30.4
2022-11-28 22:23,33.7,44.1,29.8,37.5,31.4
2022-11-28 22:54,40,52.6,34.5,39.2,35.5
2022-11-28 23:25,38.2,47.6,37.5,38.2,34.7
2022-11-28 23:56,36.1,41.5,37.4,40.2,35.7
2022-11-29 0:27,38.2,43.4,36.4,38.7,38.4
2022-11-29 0:58,35.8,43,38.5,38.8,39
2022-11-29 1:29,38.3,50.5,38.8,39.2,39.4
2022-11-29 2:00,37.4,50.9,39,38.6,39.2
2022-11-29 2:31,35.3,53.9,39,39.4,38.5
2022-11-29 3:02,36.8,49.5,39,39.3,38.9
2022-11-29 3:33,35.5,53.9,39.2,40.2,38.8
2022-11-29 4:04,37.7,46.5,38.7,39.2,40
2022-11-29 4:35,36.6,47.5,40.4,39.4,39.2
2022-11-29 5:06,37.8,46.4,40.5,40.7,39.2
2022-11-29 5:37,35.5,56.3,41.2,41.1,40.3
2022-11-29 6:08,36.4,44.8,41.2,39.4,41.2
2022-11-29 6:39,38.8,46,40.2,39.2,41.1
2022-11-29 7:10,36.4,53.2,40.3,40.7,39.5
2022-11-29 7:41,38.5,47.8,40.8,40.6,40.5
2022-11-29 8:12,37.9,47.8,40.6,40.7,40.9
2022-11-29 8:43,38.1,56,41.2,40.9,40.7
2022-11-29 9:14,36.8,48.7,41.1,40.8,40.7
2022-11-29 9:45,36.1,57.2,41.2,40.8,40.4
2022-11-29 10:16,35.8,52.2,40.9,41.2,40.3
2022-11-29 10:47,36.5,49.9,40.9,40.7,40.2
2022-11-29 11:18,37.9,51.7,40.7,40.6,39.2
2022-11-29 11:49,36.2,56.1,40.9,40.2,40.7
2022-11-29 12:20,37.8,49.6,40.6,40.2,40.7
2022-11-29 12:51,37.5,56.1,41.1,40.7,39.2
2022-11-29 13:22,36,55.7,40.7,40.1,39.5
2022-11-29 13:53,35.6,55.7,40.7,40.5,40
2022-11-29 14:24,35.5,55.3,40.6,40,39
2022-11-29 14:55,35.5,50.1,40.2,40.5,38.6
2022-11-29 15:26,36.8,47.3,39.1,40.1,38.3
2022-11-29 15:57,37.3,54.8,38.8,39.3,37.7
2022-11-29 16:28,36.8,49.4,37.9,38.7,38.8
2022-11-29 16:59,33.1,49.2,37.3,38.3,36.5
2022-11-29 17:30,36.8,51.4,37.3,38,37.7
2022-11-29 18:01,36.2,51.1,37.6,38.3,37.8
2022-11-29 18:32,33.3,48.9,36.4,38,36.1
2022-11-29 19:03,33.3,47.3,37.6,38.8,37.4
2022-11-29 19:34,35.6,47.4,36.4,38.2,37.3
2022-11-29 20:05,33.4,51.7,36.4,38.3,38
2022-11-29 20:36,33.3,48.7,37.8,38.3,38
2022-11-29 21:07,36,51.3,37.3,37.8,36.7
2022-11-29 21:38,36.6,49.5,36.2,38.1,36.4
2022-11-29 22:09,36.4,51.6,36.5,37.8,36.2
2022-11-29 22:40,33.4,47.9,35.8,37.8,36.4
2022-11-29 23:11,36.2,49.6,35.6,37.8,35.4
2022-11-30 0:13,35.8,50.8,36.5,37.3,36.4
2022-11-30 0:44,38.3,48.9,35.6,37.8,36.2
2022-11-30 1:15,35.5,51.5,36.2,37.7,35.5
2022-11-30 1:46,36.8,48,36,37.4,35.5
2022-11-30 2:17,38.7,44.8,36.8,37.3,36
2022-11-30 2:48,33.1,47.4,35.4,37.5,35.5
2022-11-30 3:19,32.7,47,35.4,36.8,36.8
2022-11-30 3:50,36.2,47.3,36.4,37.3,36.3
2022-11-30 4:21,35.5,50.8,35.3,36.8,34
2022-11-30 4:52,31.1,56.6,36,37.2,33.1
2022-11-30 5:23,30.7,56.3,35.1,36.8,37.9
2022-11-30 5:54,36,49.7,33.7,36.4,33.5
2022-11-30 6:25,30.9,47.7,34.5,36.4,34.5
2022-11-30 6:56,36.6,47.2,33.3,36,32.7
2022-11-30 7:27,35.6,49.3,34.9,35.9,33.8
2022-11-30 7:58,31.5,47.3,33.9,36.3,34.7
2022-11-30 8:29,34.7,49.1,35.8,36.2,32.2
2022-11-30 9:00,37.4,48.9,34,36,33.3
2022-11-30 9:31,32.7,51.7,35.6,37.2,32.7
2022-11-30 10:02,34,49.5,35.3,36.4,33.1
2022-11-30 10:33,32.7,46,36.5,37.2,34.7
2022-11-30 11:04,34.1,51.7,36.6,37.2,34
2022-11-30 11:35,33.7,46.9,37.4,38,35.1
2022-11-30 12:06,34.9,46.8,37.5,38.3,35.1
2022-11-30 12:37,33.4,51.2,37.8,38.2,35.1
2022-11-30 13:08,34.1,48.9,37.2,38.2,35.1
2022-11-30 13:39,34.7,50.1,38.2,38.5,35.5
2022-11-30 14:10,33.1,50.8,36.8,38,35.1
2022-11-30 14:41,32.5,51.8,37.2,38,35.6
2022-11-30 15:12,33.1,50.8,37.3,38.1,35.6
2022-11-30 15:43,34,43.5,35.6,37.3,34.9
2022-11-30 16:14,32.5,46.9,35.6,37.3,34.7
2022-11-30 16:45,33.7,46.7,33.4,36.4,33.4
2022-11-30 17:16,31.4,44.5,33.3,36.2,32.9
2022-11-30 17:47,32.2,44.7,33.8,35.6,33.3
2022-11-30 18:18,34,47.8,32,36.2,32.7
2022-11-30 18:49,35.8,49.2,33.2,36.2,32.1
2022-11-30 19:20,33.6,43.7,34.7,35.2,33.3
2022-11-30 19:51,36.5,50,32.3,36,32.3
2022-11-30 20:22,33.7,46.6,32.3,35.7,32.9
2022-11-30 20:53,35.1,48.9,32.2,35.3,32.7
2022-11-30 21:24,30.9,48.7,33.3,35.1,30.7
2022-11-30 21:55,35.5,47.8,33.3,35.1,30.2
2022-11-30 22:26,35.5,44,32.2,35.8,31.1
2022-11-30 22:57,31.3,46.3,34,35.1,30.4
2022-11-30 23:28,37.5,43.5,33.7,34.9,30.4
2022-11-30 23:59,30.7,49.6,32.7,35.7,30.4
2022-12-01 0:30,35.1,48.6,34,35.7,31.5
2022-12-01 1:01,30.4,48,33.8,35.5,30.6
2022-12-01 1:32,30.1,47.4,33.3,35.6,32.2
2022-12-01 2:03,30.7,44.5,33.1,35.5,32
2022-12-01 2:34,35.1,45,31.3,35.3,29.6
2022-12-01 3:05,34.7,46.5,33.1,35.1,27.7
2022-12-01 3:36,36.8,47.7,32.4,35.1,27.5
2022-12-01 4:07,30.4,46,30.9,35.1,26.8
2022-12-01 4:38,31.1,41.5,30.4,34.9,25.2
2022-12-01 5:09,30.6,44.9,31.3,34.5,25.4
2022-12-01 5:40,31.3,43.3,29.6,34,24.3
2022-12-01 6:11,34.7,39.3,27.9,34.1,24.7
2022-12-01 6:42,30,41.4,29.3,33.7,23.4
2022-12-01 7:13,30.2,40.1,28.1,33.3,24.4
2022-12-01 7:44,30.1,40,27.8,33.3,23.3
2022-12-01 8:15,30.7,40.7,27,33.8,23.2
2022-12-01 8:46,30.9,36.8,27.5,33.3,23.6
2022-12-01 9:17,29.6,40.6,27.5,33.8,23.4
2022-12-01 9:48,31.4,41.1,27.8,34.7,24.3
2022-12-01 10:19,33.1,43,29.4,35.1,25
2022-12-01 10:50,32.3,41.6,30.1,35.5,25.2
2022-12-01 11:21,32.7,43,30.6,36,25.6
2022-12-01 11:52,33.3,42.9,31.1,36.4,26
2022-12-01 12:23,32.5,43.5,31.4,36.4,26.2
2022-12-01 12:54,33.7,43.1,31.3,36.6,26.3
2022-12-01 13:25,33.3,43.5,32.2,36.8,27.2
2022-12-01 13:56,33.4,42.1,32.4,37.5,27.3
2022-12-01 14:27,32.9,43.9,32.9,37.5,27.4
2022-12-01 14:58,34,41.9,32.7,38.1,27.5
2022-12-01 15:29,34,40.5,30.9,36.8,26.3
2022-12-01 16:00,33.7,44,31.4,36.2,26.9
2022-12-01 17:02,32.4,42.9,28.8,34.7,25.1
2022-12-01 17:33,30.9,41.8,27.5,33.8,25.1
2022-12-01 18:04,34.5,39.5,27.9,33.4,25.4
2022-12-01 18:35,38.3,40.3,26.9,33.8,24.4
2022-12-01 19:06,32.7,41.7,28.5,34,24.9
2022-12-01 19:37,30,37.3,28.5,35.1,24.4
2022-12-01 20:08,30.6,41.1,27.5,35.1,24.3
2022-12-01 20:39,35.3,41.9,28.3,34.1,24.9
2022-12-01 21:10,35.1,40.7,28.4,34.1,25.6
2022-12-01 21:41,33.3,38.5,28.9,34,26
2022-12-01 22:12,32.7,40.2,29.7,33.8,24.9
2022-12-01 22:43,32,40.9,27.3,34,24.7
2022-12-01 23:14,31.1,41,26.3,34.1,24.7
2022-12-01 23:45,34,42,25.2,34.7,24.3
2022-12-02 0:16,31.1,41.7,26.4,33.4,23.6
2022-12-02 0:47,30.7,40.4,24.9,34.1,24.4
2022-12-02 1:18,35.5,38.4,24.7,34,23.8
2022-12-02 1:49,29.7,40.7,24.9,33.6,24.7
2022-12-02 2:20,30.4,41.1,25.4,33.4,23.8
2022-12-02 2:51,29.3,40.8,25.5,33.6,23.6
2022-12-02 3:22,32.7,40.3,25,33.4,22.8
2022-12-02 3:53,33.7,37.6,24.2,33.6,23.7
2022-12-02 4:24,33.8,38.8,23.8,33.3,22.9
2022-12-02 4:55,33.1,39,25.2,33.3,23.2
2022-12-02 5:26,30.9,39.4,25.5,33.1,22.6
2022-12-02 5:57,33.4,40,23.8,33.7,22.7
2022-12-02 6:28,31.1,37.9,24.6,32.9,22
2022-12-02 6:59,29.3,36.6,23.6,33.3,23.1
2022-12-02 7:30,33.8,38.5,23.3,32.7,21.5
2022-12-02 8:01,30,35.6,23.6,33.1,22.8
2022-12-02 8:32,32.7,38.2,24.2,33.6,23.2
2022-12-02 9:03,34.7,35.2,26.4,34,23.8
2022-12-02 9:34,32.2,36.6,25.8,34.1,23.6
2022-12-02 10:04,32.7,37.5,26.3,34.7,23.7
2022-12-02 10:35,32.9,36.8,27.3,34.9,24.4
2022-12-02 11:06,32.2,38.5,27.7,35.1,24.8
2022-12-02 11:37,33.1,39,28.1,35.5,25
2022-12-02 12:08,32.5,40.8,28.6,35.7,25.4
2022-12-02 12:39,32.7,41.7,28.6,36.1,25.6
2022-12-02 13:10,33.1,39.5,28.6,36.4,25.9
2022-12-02 13:41,33.3,39.1,28.8,36.8,26.2
2022-12-02 14:12,33.3,40.7,29.3,36.8,26.3
2022-12-02 14:43,32.2,42.8,28.8,37.5,26.3
2022-12-02 15:14,33.6,40.7,29.4,37.5,26
2022-12-02 15:45,33.1,42,28.6,37.4,26.2
2022-12-02 16:16,33.7,37.2,27.9,36.6,25.4
2022-12-02 16:47,34,40.2,27.3,34.9,25.4
2022-12-02 17:18,31.3,37.2,25.1,35.1,23.7
2022-12-02 17:49,31.5,36.4,24.3,34.5,23.7
2022-12-02 18:20,33.8,37.5,24.2,33.4,22.8
2022-12-02 18:51,35.5,34.7,24.4,33.8,24.2
2022-12-02 19:22,29.8,35,24.7,34.7,22.7
2022-12-02 20:24,36.2,38.8,24.4,33.6,22.9
2022-12-02 21:26,34.7,33.8,24.9,33.7,22.4
2022-12-02 21:57,33.1,35.1,25,33.1,23.7
2022-12-02 22:28,33.3,36.1,23.6,33.3,22.8
2022-12-02 22:59,31.4,36.2,25.1,33.1,22.9
2022-12-02 23:30,30.6,37.5,25.4,33.3,22.4
2022-12-03 0:01,35.1,36.4,24.8,33.3,22.5
2022-12-03 1:03,31.5,36.4,23.7,33.7,23.7
2022-12-03 1:34,35.7,36.6,23.8,33.6,24.2
2022-12-03 2:05,33.3,38.3,25.4,33.6,23.7
2022-12-03 2:36,30,36.5,24.9,33.7,23.4
2022-12-03 3:07,32.4,37.3,24.8,33.8,23.2
2022-12-03 3:38,36,36.2,25,33.6,23.8
2022-12-03 4:09,35.7,37.3,24.9,34,23.2
2022-12-03 4:40,34.7,38.2,25.4,33.7,23.2
2022-12-03 5:11,33.1,37.8,25.6,34,23.3
2022-12-03 5:42,34.1,37.5,24.8,33.6,23.8
2022-12-03 6:13,28.9,35.1,25.1,33.4,23.4
2022-12-03 6:44,32.5,38.6,24.9,33.8,23.1
2022-12-03 7:15,32.4,40.6,23.8,34.5,23.6
2022-12-03 7:46,30.1,34.9,24.7,34,23.2
2022-12-03 8:17,35.6,36.6,24.8,33.4,23.6
2022-12-03 8:48,33.8,36,26.4,34.7,25.5
2022-12-03 9:19,32.1,38.4,27.3,34.7,25
2022-12-03 9:50,32,36.1,26.9,34.9,24.7
2022-12-03 10:21,33.1,40.7,27,35.6,24.9
2022-12-03 10:52,33.8,41.2,26.9,35.8,25
2022-12-03 11:23,32.9,41.5,27,35.7,25.5
2022-12-03 11:54,33.1,40.6,26.9,36.1,25.4
2022-12-03 12:25,29.7,38.4,27.5,35.8,25.1
2022-12-03 12:56,32.5,40.7,27.5,35.8,26.3
2022-12-03 13:27,34,35.1,27.5,35.6,25.6
2022-12-03 13:58,34,40.4,27.2,36.8,25.9
2022-12-03 14:29,32.7,38.9,27.4,36.2,26.3
2022-12-03 15:00,32.7,43.3,28.4,36.8,27.3
2022-12-03 15:31,33.4,40.7,28.1,36.6,27
2022-12-03 16:02,33.7,37.5,27.9,36.4,27.4
2022-12-03 16:33,34.7,41.5,27.4,36.8,26.2
2022-12-03 17:04,35.1,35.5,26.9,36.5,25.6
2022-12-03 17:35,33.4,38.2,26.9,36,25.1
2022-12-03 18:06,35.6,35.1,26.2,35.8,24.4
2022-12-03 18:37,30.4,36.2,25.9,35.7,24.2
2022-12-03 20:10,37.8,36.6,25.4,34.7,25.6
2022-12-03 20:41,30.6,37.9,26,35.8,24.7
2022-12-03 21:12,30.9,37.2,26,35.5,24.3
2022-12-03 21:43,30.7,38.7,26.2,35.6,25.2
2022-12-03 22:14,32.1,38.9,25.6,35.6,24.6
2022-12-03 22:45,33.3,40.7,25.6,35.3,24.7
2022-12-03 23:16,35.1,38.5,26.3,35.1,24.7
2022-12-03 23:47,32.4,38,25.8,35.7,25.4
2022-12-04 0:49,33.8,38.2,26.9,35.5,25.4
2022-12-04 1:20,35.5,38.2,25.6,35.7,25
2022-12-04 1:51,31.4,37.6,26.4,35.5,25
2022-12-04 2:22,37.4,39.4,25.5,35.5,24.7
2022-12-04 2:53,34,37.4,25.2,35.1,23.7
2022-12-04 3:24,34.5,38.1,25.6,35.1,24.4
2022-12-04 3:55,30,37.7,24.9,35.1,24.6
2022-12-04 4:26,33.6,35.8,25.9,34.7,23.2
2022-12-04 4:57,35.3,37.7,24.7,34.9,23.1
2022-12-04 5:28,30.7,37.4,25.6,34.1,23.3
2022-12-04 5:59,31.5,38.5,25.4,34.5,24.3
2022-12-04 6:30,30.7,37.9,25.2,33.7,23.4
2022-12-04 7:01,32.7,37.5,24.7,33.3,22.9
2022-12-04 7:32,33.3,34.1,23.7,33.3,23.8
2022-12-04 8:03,31.1,39,24.2,33.4,23.7
2022-12-04 8:34,28.4,39.2,24.4,34,23.4
2022-12-04 9:05,28.9,35.3,25.2,33.8,24.4
2022-12-04 9:36,32.1,36.8,25.6,34.7,23.7
2022-12-04 10:07,32.5,38.5,25.6,34.5,23.6
2022-12-04 10:38,31.1,38.4,25.1,34.1,23.3
2022-12-04 11:09,31.4,36,25.4,34.7,23.8
2022-12-04 11:40,32.2,36.6,25.6,34.9,23.7
2022-12-04 12:42,31.5,36.1,25.6,34.7,23.8
2022-12-04 13:13,32,33.3,25.4,34.5,23.6
2022-12-04 13:44,31.3,33.7,25,34.7,23.8
2022-12-04 14:15,31.4,34.9,24.8,34.7,23.6
2022-12-04 14:46,31.1,34.1,24.6,34,23.8
2022-12-04 15:17,32.5,34.9,24.9,33.8,23.6
2022-12-04 15:48,31.3,32.5,24.7,33.4,24.4
2022-12-04 16:19,29.6,33.7,25,33.6,23.1
2022-12-04 16:50,30.4,37.5,24.3,33.8,22.6
2022-12-04 17:21,32.1,32.7,24.7,33.8,23.8
2022-12-04 17:52,33.1,30,23.2,33.4,22.6
2022-12-04 18:23,30.6,28.9,24.2,32.7,24.6
2022-12-04 18:54,33.7,37.8,24.3,33.7,22.2
2022-12-04 19:25,30,35.3,23.7,32.7,23.4
2022-12-04 19:56,29.4,33.1,23.8,33.6,22.9
2022-12-04 20:27,32.4,35.8,23.4,33.3,23.8
2022-12-04 20:58,32.3,36.2,23.4,33.3,23.6
2022-12-04 21:29,28.3,31.4,23.4,33.3,22.2
2022-12-04 22:00,35.1,32.7,24.3,33.1,22.7
2022-12-04 22:31,29.7,35.5,24.8,33.1,22.2
2022-12-04 23:02,34.7,34,24.9,33.4,22.5
2022-12-04 23:33,30.9,34.7,24.2,33.1,22.8
2022-12-05 0:04,32.5,32.4,23.6,33.1,22.5
2022-12-05 0:35,29.7,34.1,25,32.9,22.7
2022-12-05 1:06,30.4,35.5,24.8,32.9,22.2
2022-12-05 1:37,34,33.1,24.3,32.7,22.6
2022-12-05 2:08,35.1,32.2,23.2,33.3,23.2
2022-12-05 2:39,36.1,31.1,23.4,33.1,22
2022-12-05 3:10,31.3,33.3,23.2,33.3,22.6
2022-12-05 3:41,34.1,34.7,23.7,33.1,22.9
2022-12-05 4:12,33.3,32.9,23.4,32.7,22.5
2022-12-05 4:43,31.1,32.5,23.4,33.1,23.4
2022-12-05 5:14,29.4,32.3,23.2,32.7,22.9
2022-12-05 5:45,34.1,30.9,22.9,33.1,23.4
2022-12-05 6:16,34.9,32,22.9,32.4,22.5
2022-12-05 6:47,31.5,31.5,23.6,32.4,22.5
2022-12-05 7:18,33.1,35.1,22.4,33.1,22.4
2022-12-05 7:49,29.4,30,23.1,32.5,23.1
2022-12-05 8:20,32,32.4,22.6,32.9,22.6
2022-12-05 8:51,32,32.4,22.7,33.1,22.9
2022-12-05 9:22,32.7,30.2,23.4,32.7,23.6
2022-12-05 9:53,36.6,33.6,23.3,32.9,23.7
2022-12-05 10:24,31.4,32.2,23.8,33.4,23.4
2022-12-05 10:55,32.7,32.3,24.4,33.3,23.6
2022-12-05 11:26,32.2,34,24.9,33.7,23.8
2022-12-05 11:57,32.2,33.7,25.2,34,24.6
2022-12-05 12:28,33.3,32.7,26.4,34.9,25
2022-12-05 12:59,33.1,33.3,27.5,35.3,25.6
2022-12-05 13:30,33.1,33.4,26.8,35.1,25.5
2022-12-05 14:01,33.1,33.8,27.2,35.3,25.6
2022-12-05 14:32,32.7,32.7,26.9,35.5,25.4
2022-12-05 15:03,33.3,33.1,26.3,35.3,25.2
2022-12-05 15:34,32.1,32.3,26.2,34.9,25.5
2022-12-05 16:05,31.3,33.8,25.4,34.9,24.7
2022-12-05 16:36,30.6,34.7,24.6,34.1,23.6
2022-12-05 17:07,31.1,29.6,23.2,33.3,23.8
2022-12-05 17:38,33.7,32.1,22.5,32.2,23.3
2022-12-05 18:09,32.2,33.4,22,32.5,22.9
2022-12-05 18:40,31.4,34.7,21.1,32,23.7
2022-12-05 19:11,35.8,36.2,22.1,32.4,22.6
2022-12-05 19:42,30,33.3,21.5,32.7,21.4
2022-12-05 20:13,29.8,29.8,22.1,32.7,21.8
2022-12-05 20:44,33.6,31.1,21.1,32,23.1
2022-12-05 21:15,29.8,30.9,22.1,31.5,21.8
2022-12-05 21:46,32.9,29.6,21.5,31.4,22.9
2022-12-05 22:17,35.1,30.2,21.4,31.3,21.5
2022-12-05 22:48,32.1,31.1,21.8,31.3,21.4
2022-12-05 23:19,32.3,30.7,22.1,31.1,21.4
2022-12-05 23:50,30,32.1,22.2,31.3,21.4
2022-12-06 0:21,30.2,32.2,22,31.1,22.1
2022-12-06 0:52,35.1,30.2,21.8,30.9,21
2022-12-06 1:23,33.1,29.4,21.1,31.1,22.1
2022-12-06 1:54,30.9,30,21.8,30.9,21.4
2022-12-06 2:25,29.4,31.5,22,31.1,21.1
2022-12-06 2:56,30,31.4,22.1,31.1,21.8
2022-12-06 3:27,31.3,32,22.4,31.1,21.9
2022-12-06 3:58,28.6,31.4,22.1,31.4,22.8
2022-12-06 4:29,30.7,30,22.2,31.5,23.2
2022-12-06 5:00,34.5,30.4,22.4,32,22.9
2022-12-06 5:31,32,32,22.4,31.1,22.7
2022-12-06 6:02,32.2,29.8,20.7,30.9,21.8
2022-12-06 6:33,33.4,30,21.2,30.9,22.1
2022-12-06 7:04,30.2,28.3,21.8,30.7,21.9
2022-12-06 7:35,30.9,30.4,21.2,30.9,21.8
2022-12-06 8:06,30.7,30.6,21.9,30.9,21.2
2022-12-06 8:37,30.2,30.7,22.6,30.9,22.8
2022-12-06 9:08,33.6,32.2,23.4,31.4,24.2
2022-12-06 9:39,35.1,30.2,25.4,32.1,24.2
2022-12-06 10:10,30.9,30.4,25,32.2,24.3
2022-12-06 10:41,32.2,31.3,26.4,33.1,25.6
2022-12-06 11:12,33.1,31.4,26.9,33.3,25.8
2022-12-06 11:43,33.4,32.1,26.4,33.7,25.9
2022-12-06 12:14,33.7,32.7,27.5,34.7,27.2
2022-12-06 12:45,33.1,32.9,26.9,34.1,26.2
2022-12-06 13:16,33.3,34.1,25.8,33.8,26
2022-12-06 13:47,32.4,32.5,25.9,34,26.2
2022-12-06 14:18,32.4,35.5,27.3,35.6,26.9
2022-12-06 14:49,32.4,30.6,24.7,33.4,25.5
2022-12-06 15:20,32.1,34.7,25.2,34.7,25.5
2022-12-06 15:51,32.2,30.7,24.4,33.7,25.6
2022-12-06 16:22,33.4,33.4,23.4,33.8,25
2022-12-06 16:53,33.1,32.1,23.7,33.8,24.4
2022-12-06 17:24,30.2,29.4,23.2,33.3,24.8
2022-12-06 17:55,29.4,27.8,23.2,32.5,23.4
2022-12-06 18:26,29.6,30.4,22.9,33.1,23.1
2022-12-06 18:57,31.1,32.7,23.4,33.1,24.7
2022-12-06 19:28,31.1,32.7,22.6,33.7,23.1
2022-12-06 19:59,29.7,35.1,22.4,33.6,22.8
2022-12-06 20:30,31.1,29.8,22.9,33.4,24.2
2022-12-06 21:01,30,29.7,22.2,33.1,22.8
2022-12-06 21:32,33.4,29.7,23.2,33.3,22.9
2022-12-06 22:03,34,32.9,23.2,33.1,23.1
2022-12-06 22:34,32.7,33.1,22.6,33.1,24.4
2022-12-06 23:05,30.4,31.3,22.6,32.9,24.2
2022-12-06 23:36,35.1,30.7,22.1,32.7,22.8
2022-12-07 0:07,32.7,31.3,23.1,32.4,22.9
2022-12-07 0:38,33.3,31.5,22.1,32.5,23.6
2022-12-07 1:09,33.1,30.1,22.4,32.4,23.1
2022-12-07 1:40,35.1,33.3,22.7,32.7,23.4
2022-12-07 2:11,30.4,33.1,22.7,32.2,23.6
2022-12-07 2:42,28.6,32.1,23.3,32.5,23.1
2022-12-07 3:13,29.6,32.2,22.2,32.5,23.2
2022-12-07 3:44,32.4,32.1,22.4,32.4,24.2
2022-12-07 4:15,32.2,31.1,22.6,32.4,23.4
2022-12-07 4:46,30.6,31.5,22.4,32.5,24.2
2022-12-07 5:17,35.6,31.4,22.2,32.5,23.7
2022-12-07 5:48,34,30.4,22.4,32.1,23.4
2022-12-07 6:19,34,28.6,21.2,32.2,23.3
2022-12-07 6:50,34,30.2,21.2,32,23.4
2022-12-07 7:21,34,29.7,21,32.1,22.5
2022-12-07 7:52,33.7,29.6,21.1,31.3,22.7
2022-12-07 8:23,28.6,30.9,22.6,31.4,22.8
2022-12-07 8:54,32.2,30.9,23.1,32.4,22.7
2022-12-07 9:25,31.5,32.1,23.2,32.5,24.3
2022-12-07 9:56,33.1,31.1,24.4,33.1,24.4
2022-12-07 10:27,33.3,30.9,24.7,33.3,24.9
2022-12-07 10:58,33.1,31.1,24.9,33.3,24.8
2022-12-07 11:29,33.1,30.7,25.2,33.4,25.5
2022-12-07 12:00,32.5,34.7,25.8,35.1,25.9
2022-12-07 12:31,32.5,34.9,26.3,35.1,26.9
2022-12-07 13:02,33.4,34.7,26.3,35.3,26.4
2022-12-07 13:33,33.7,34,26.2,35.6,26.9
2022-12-07 14:04,33.6,34.1,25.8,35.5,26.2
2022-12-07 14:35,32.7,32.7,25.9,35.1,26.8
2022-12-07 15:06,33.1,32.5,26.3,35.5,27.3
2022-12-07 15:37,32.2,31.4,25.6,34.7,26.3
2022-12-07 16:08,32.2,31.4,25.4,34.9,26.2
2022-12-07 16:39,33.6,33.3,24.9,33.8,25.4
2022-12-07 17:10,32.9,33.1,23.6,33.3,25.1
2022-12-07 17:41,34.5,33.4,22.6,33.1,24.7
2022-12-07 18:12,30.1,31.1,22.4,33.1,23.3
2022-12-07 18:43,30,30.6,22.1,33.1,23.4
2022-12-07 19:14,30.2,34,22.2,32.7,23.6
2022-12-07 19:45,29.7,31.1,22.9,32.2,24.2
2022-12-07 20:16,29.7,28.2,22.9,32.7,22.7
2022-12-07 20:47,34.7,33.7,22.2,32.7,23.1
2022-12-07 21:49,30.1,28.6,22.4,32.2,23.4
2022-12-07 22:20,32.2,30.6,22.8,32.3,22.9
2022-12-07 22:51,32.5,30.4,22.5,31.5,22.6
2022-12-07 23:53,30.9,32.3,22.6,31.4,22.7
2022-12-08 0:24,33.1,29.8,22.5,31.4,22.2
2022-12-08 0:55,29.4,32.2,22.6,31.1,23.1
2022-12-08 1:26,35.5,28.6,21.9,31.5,23.1
2022-12-08 1:57,33.8,28.9,21.8,31.5,23.2
2022-12-08 2:28,32.1,28.8,22.1,31.4,22.2
2022-12-08 2:59,33.3,29.4,22.2,31.1,22.6
2022-12-08 3:30,28.8,31.3,22.4,31.1,23.3
2022-12-08 4:01,28.4,30,22,31.1,23.3
2022-12-08 4:32,28.4,30.9,22,31.1,22
2022-12-08 5:03,33.4,31.4,23.1,30.9,22.6
2022-12-08 5:34,32.4,28.3,22.5,30.9,21.8
2022-12-08 6:05,35.1,28.1,21.8,31.1,23.2
2022-12-08 6:36,28.5,29.8,22.5,30.7,22.7
2022-12-08 7:07,32,28.5,21.2,31.1,22.5
2022-12-08 7:38,33.7,28.9,22.4,30.7,21.9
2022-12-08 8:09,31.4,30.9,22.4,30.7,22.8
2022-12-08 8:40,29.8,30.4,23.6,30.7,23.6
2022-12-08 9:11,33.6,29.4,24.6,32.1,23.7
2022-12-08 9:42,34.1,29.7,24.9,32.2,24.4
2022-12-08 10:13,32.7,30.7,25.8,33.1,25
2022-12-08 10:44,32.7,33.3,27.2,33.8,25.6
2022-12-08 11:15,32.9,33.3,27.9,34.7,27
2022-12-08 11:46,33.6,34.9,28.2,35.3,27.5
2022-12-08 12:17,33.4,33.8,28.2,35.6,27.7
2022-12-08 12:48,33.3,34.9,28.4,35.7,27.8
2022-12-08 13:19,33.3,34.7,28.2,35.8,27.9
2022-12-08 13:50,33.3,34.7,28.2,36,27.9
2022-12-08 14:21,33.6,33.3,28.4,36.2,28.2
2022-12-08 14:52,32.7,35.1,28.3,36.1,28.2
2022-12-08 15:23,33.6,32.7,27.9,35.7,27.8
2022-12-08 15:54,33.6,30.9,25.6,34.7,26.4
2022-12-08 16:25,32.9,31.1,25.1,34.1,25.5
2022-12-08 16:56,30.7,29.7,24.7,34,24.9
2022-12-08 17:27,32.7,30.7,24.2,33.3,24.4
2022-12-08 17:58,32.4,31.1,22.9,32.7,24.2
2022-12-08 19:00,32.4,31.1,23.2,33.1,23.2
2022-12-08 19:31,32.5,32,23.1,32.7,23.7
2022-12-08 20:02,34.7,28.1,23.4,32.7,22.5
2022-12-08 20:33,35.1,28.3,23.1,32,23.6
2022-12-08 21:04,37.3,27.9,22.4,32,22.9
2022-12-08 21:35,30.2,29.7,22.5,32,23.6
2022-12-08 22:06,30,29.3,22.9,31.5,22.4
2022-12-08 22:37,32.3,30.4,22.1,32.1,23.2
2022-12-08 23:08,35.1,30.6,22.1,31.4,23.4
2022-12-08 23:39,30.4,30.4,22.9,31.4,22.5
2022-12-09 0:10,30.9,29.7,22.4,32.1,22.7
2022-12-09 0:41,30.6,30.9,22.6,31.1,23.1
2022-12-09 1:12,33.8,28.9,22.4,31.4,23.2
2022-12-09 1:43,35.7,29.3,22.7,31.1,23.1
2022-12-09 2:14,33.3,28.5,22.5,32.1,23.1
2022-12-09 2:45,33.8,30.2,22.6,31.5,23.2
2022-12-09 3:16,32.1,28.4,22.5,31.4,22.9
2022-12-09 3:47,31.1,30.7,23.3,31.4,22.9
2022-12-09 4:18,30.9,30.7,23.4,31.4,23.3
2022-12-09 4:49,33.4,28.6,22.6,31.5,23.4
2022-12-09 5:20,30.4,28.6,22.5,32,22.6
2022-12-09 5:51,30.2,29.7,22.8,31.5,23.4
2022-12-09 6:22,32.4,30.1,22.8,32,23.4
2022-12-09 6:53,31.3,30,22.6,32,23.2
2022-12-09 7:24,30.6,30.6,22.8,32,23.4
2022-12-09 7:55,32,30.4,22.1,31.4,23.6
2022-12-09 8:26,34.9,30.6,22.4,32.2,22.9
2022-12-09 8:57,32.2,29.4,23.6,32.1,23.4
2022-12-09 9:28,32.5,30,24.7,32.4,24.4
2022-12-09 9:59,32.2,30.6,25.2,33.3,25
2022-12-09 10:30,32.7,33.6,27,34.1,25.9
2022-12-09 11:01,32.7,34.7,27.9,35.3,27.3
2022-12-09 11:32,33.1,34.1,27.9,35.5,27.5
2022-12-09 12:03,33.7,33.1,28.3,35.6,27.9
2022-12-09 12:34,33.6,34,28.6,35.8,28.4
2022-12-09 13:05,33.3,34.7,28.4,36,28.4
2022-12-09 13:36,33.7,33.4,28.3,36.1,28.8
2022-12-09 13:57,32.7,33.7,27.3,35.3,27.9
2022-12-09 14:27,33.3,33.3,28.1,35.1,27.7
2022-12-09 14:58,33.3,34.1,27.5,35.5,27.2
2022-12-09 15:29,32,31.3,27.3,34.7,26.4
2022-12-09 16:00,32.3,33.3,26.4,34.7,25.9
2022-12-09 16:31,32,30.6,26.2,33.8,25.6
2022-12-09 17:02,31.4,32.7,25.2,33.8,24.9
2022-12-09 17:33,33.1,28.1,24.6,33.4,24.6
2022-12-09 18:04,32.7,28.9,24.4,33.1,24.3
2022-12-09 18:35,33.3,32.7,23.6,32.9,23.3
2022-12-09 19:06,30.4,31.1,24.3,32.3,23.8
2022-12-09 19:37,31.1,29.8,24.7,32,23.2
2022-12-09 20:08,33.1,30.9,24.8,31.4,22.6
2022-12-09 20:39,29.6,30,24.6,31.5,23.4
2022-12-09 21:10,35.5,30.6,23.6,32,23.4
2022-12-09 21:41,34.9,31.1,24.2,32,22.4
2022-12-09 22:12,32.4,30,23.6,31.4,22.7
2022-12-09 22:43,34,28.8,24.4,31.1,22.4
2022-12-09 23:14,33.4,28.9,24.6,30.9,23.1
2022-12-09 23:45,30.4,30.7,24.2,30.9,22.5
2022-12-10 0:16,34.1,28.6,23.4,31.3,22.4
2022-12-10 0:47,30.4,29.4,24.2,30.9,22.7
2022-12-10 1:18,31.5,29.7,24.2,30.7,23.1
2022-12-10 1:49,29.3,30.6,24.2,30.7,23.2
2022-12-10 2:20,33.8,28.4,23.6,31.1,22.9
2022-12-10 3:22,32.1,28.5,24.3,30.7,22
2022-12-10 3:53,30,30.2,24.2,30.7,21.8
2022-12-10 4:24,30.7,30.4,24.2,30.7,23.2
2022-12-10 4:55,34.7,28.2,23.6,30.6,22.4
2022-12-10 5:57,28.4,30.1,23.7,30.7,22.9
2022-12-10 6:28,31.1,28.6,22.9,30.7,22.9
2022-12-10 6:59,28.8,28.2,23.2,30.7,22.4
2022-12-10 7:30,33.3,28.1,24.3,30.7,22.2
2022-12-10 8:01,28.6,28.2,23.6,31.1,22.9
2022-12-10 8:32,33.8,30.2,23.2,31.1,22.7
2022-12-10 9:03,32.7,28.6,24.7,31.1,23.4
2022-12-10 9:34,28.9,29.3,25.6,31.4,24.2
2022-12-10 10:36,32.3,30,25.6,32.7,24.3
2022-12-10 11:07,32.4,31.5,25.8,32.7,24.6
2022-12-10 11:38,30.4,30.7,26.2,33.1,24.4
2022-12-10 12:40,32.5,29.7,25.9,32.9,24.7
2022-12-10 13:42,33.3,30.6,25.2,32.9,24.8
2022-12-10 14:13,30.7,32.2,25.1,33.3,24.7
2022-12-10 14:44,30.6,28.6,25.1,33.1,24.7
2022-12-10 15:15,34.7,27.8,25,32.7,25.4
2022-12-10 15:46,34.7,30.9,24.8,32.7,25.1
2022-12-10 16:17,33.4,32,24.8,33.1,24.2
2022-12-10 16:48,30.7,32.7,25.6,33.1,23.4
2022-12-10 17:19,34,28.3,25.1,32.4,25.2
2022-12-10 17:50,33.1,28.1,24.7,32.7,23.6
2022-12-10 18:21,33.1,29.3,24.6,32.3,24.6
2022-12-10 18:52,30.6,30.7,25.1,33.1,23.3
2022-12-10 19:23,31.5,28.1,25.2,32.7,23.4
2022-12-10 19:54,29.7,27.3,25.2,32.2,23.3
2022-12-10 20:25,30.2,31.5,24.7,32.5,23.7
2022-12-10 20:56,35.1,27.3,24.6,31.4,22.4
2022-12-10 21:27,30.1,28.4,24.2,31.4,22.7
2022-12-10 21:58,33.3,28.3,23.6,31.4,22.6
2022-12-10 22:29,33.8,28.3,24.4,31.4,22.9
2022-12-10 23:00,33.3,28.3,24.9,31.4,22.7
2022-12-11 0:02,30.6,32,24.9,31.5,22.5
2022-12-11 0:33,32,28.1,24.7,31.5,23.4
2022-12-11 1:04,30.7,30.4,24.9,31.5,23.6
2022-12-11 1:35,35.5,28.2,25,32.1,23.6
2022-12-11 2:37,34.7,28.2,24.6,31.5,23.3
2022-12-11 3:08,32.3,28.5,23.6,31.3,22.4
2022-12-11 3:39,31.1,29.4,24.7,31.3,22.5
2022-12-11 4:10,32.9,28.3,23.4,31.1,23.2
2022-12-11 5:12,33.6,30.4,24.4,30.9,23.1
2022-12-11 5:43,33.6,28.1,23.3,30.9,22.7
2022-12-11 6:14,31.4,29.6,22.8,30.6,22.1
2022-12-11 6:45,32,29.7,23.4,30.4,23.2
2022-12-11 7:16,29.8,27.9,23.2,30.7,22.4
2022-12-11 7:47,30.7,27.8,23.1,30.7,22.4
2022-12-11 8:18,32.4,28.3,23.4,30.4,22.5
2022-12-11 8:49,34.5,26.2,24.7,31.1,22.9
2022-12-11 9:20,33.6,28.8,25.4,31.3,24.3
2022-12-11 9:51,31.3,30.2,26.2,32.2,25.1
2022-12-11 10:22,32.7,30.4,26.8,32.9,25.2
2022-12-11 10:53,33.1,30.9,27.4,33.3,25.6
2022-12-11 11:24,32.9,31.5,27.9,33.8,26.3
2022-12-11 11:55,33.1,31.4,28.3,34.7,27
2022-12-11 12:26,33.1,32,28.4,35.1,27.3
2022-12-11 12:57,32.7,32.4,28.4,34.9,27
2022-12-11 13:28,32.7,32.5,28.1,35.1,27.2
2022-12-11 14:30,32.9,31.3,28.1,35.1,26.9
2022-12-11 15:01,32.5,33.1,27.9,34.9,27.2
2022-12-11 15:32,33.1,32.2,27.5,34.7,26.8
2022-12-11 16:34,32.7,31.3,25.6,33.4,25.4
2022-12-11 17:05,32.4,28.5,24.7,32.7,24.4
2022-12-11 17:36,33.1,30.6,23.4,32.2,23.2
2022-12-11 18:07,33.1,25.9,23.2,30.7,23.4
2022-12-11 18:38,33.4,27.5,23.8,31.5,22.1
2022-12-11 19:09,30.4,31.1,23.1,30.9,22.9
2022-12-11 19:40,34.9,29.4,23.2,30.6,21.8
2022-12-11 20:11,29.7,26.3,23.6,30.2,22.6
2022-12-11 20:42,34,31.1,23.8,30.1,22.8
2022-12-11 21:13,30.7,28.1,23.1,30.4,21.5
2022-12-11 21:44,32.7,28.4,23.2,30.4,22.1
2022-12-11 22:15,31.1,28.5,22.8,30.4,21.8
2022-12-11 22:46,29.4,28.9,23.8,30.1,21.8
2022-12-11 23:17,30.7,29.6,23.4,30.4,22.2
2022-12-11 23:48,34.5,27.3,23.6,29.8,21.8
2022-12-12 1:21,29.7,28.5,23.4,30,22.2
2022-12-12 1:52,34.7,28.9,23.6,30,21.4
2022-12-12 2:23,31.5,29.3,23.2,29.7,21.2
2022-12-12 2:54,32.4,27.5,22.8,29.8,21.8
2022-12-12 3:25,35.5,27.2,22.7,29.7,20.6
2022-12-12 3:55,30,29.7,23.2,29.7,20.8
2022-12-12 4:26,34.1,28.3,23.3,29.8,22
2022-12-12 4:57,28.3,29.8,23.2,29.7,21
2022-12-12 5:28,31.3,28.3,23.1,30.2,21.4
2022-12-12 5:59,28.6,28.5,23.3,30.1,21.5
2022-12-12 6:30,35.3,29.3,23.2,30.4,22
2022-12-12 7:01,30.4,26.9,22.7,30.4,21.4
2022-12-12 7:32,32.4,27.8,22.4,30.1,21.2
2022-12-12 8:03,31.1,27.5,22.7,29.8,21.2
2022-12-12 8:34,32.9,28.8,22.7,30.1,22.1
2022-12-12 9:05,31.4,29.4,23.4,30.4,23.1
2022-12-12 9:36,32.4,27.8,24.3,31.1,23.4
2022-12-12 10:07,32.1,29.3,24.9,32,23.7
2022-12-12 10:38,32.7,30,25.8,32.2,24.8
2022-12-12 11:09,32.9,30.4,26.8,32.7,25.5
2022-12-12 11:40,33.1,29.7,27,33.1,25.8
2022-12-12 12:11,32.5,31.3,26.8,33.3,25.5
2022-12-12 12:42,32.5,32.5,26.2,33.3,25.5
2022-12-12 13:44,32.7,31.3,25.2,33.1,25
2022-12-12 14:46,32.1,28.9,24.8,32.9,25
2022-12-12 15:17,32.9,28.1,24.7,32.7,24.7
2022-12-12 16:19,32.7,30.2,24.2,32.1,24.4
2022-12-12 16:50,32.4,27.5,24.4,32.2,24.3
2022-12-12 17:21,30.4,29.3,23.2,32.2,23.2
2022-12-12 17:52,33.3,29.6,23.2,31.3,22.8
2022-12-12 18:23,30.1,26,23.4,31.1,23.2
2022-12-12 18:54,31.3,27.5,23.6,31.4,23.4
2022-12-12 19:25,30.4,27.3,23.6,32.2,24.2
2022-12-12 19:56,31.1,29.3,24.4,32.4,23.7
2022-12-12 20:28,33.3,30.9,24.2,32.2,23.6
2022-12-12 20:58,30.9,30.1,24.3,32.1,23.6
2022-12-12 21:29,30.9,29.7,24.7,32.3,23.6
2022-12-12 22:00,33.3,30,24.3,32.4,23.8
2022-12-12 22:31,34.7,30,24.3,32.5,24.2
2022-12-12 23:33,32.5,28.4,24.7,32.3,23.8
2022-12-13 0:05,30,30,23.4,32.1,23.4
2022-12-13 0:35,30.9,28.4,23.4,31.4,23.4
2022-12-13 1:06,33.3,27.8,23.4,31.5,23.2
2022-12-13 1:37,30.4,29.8,23.6,31.3,22.2
2022-12-13 2:08,29.4,28.2,23.7,31.4,23.6
2022-12-13 2:39,30.1,29.3,23.8,31.5,22.8
2022-12-13 3:10,29.4,28.9,24.2,31.4,22.8
2022-12-13 3:41,30,28.3,24.4,32,23.1
2022-12-13 4:12,32,29.3,23.4,32.1,23.4
2022-12-13 4:43,32.5,28.6,23.8,32.2,23.3
2022-12-13 5:14,33.7,29.4,24.6,31.5,22.7
2022-12-13 5:45,34.9,29.4,23.8,32.2,23.7
2022-12-13 6:16,33.1,28.4,23.4,32,23.2
2022-12-13 6:47,29.7,29.3,23.7,32.1,23.4
2022-12-13 7:18,30.2,29.7,23.4,32.1,23.4
2022-12-13 7:49,30.4,28.9,24.4,31.5,23.3
2022-12-13 8:20,35.5,28.4,24.7,32.1,24.6
2022-12-13 8:51,32.7,30.1,25,32.5,23.2
2022-12-13 9:22,35.5,27.8,25.6,33.1,24.4
2022-12-13 9:53,32.1,30.9,25.4,32.7,24.8
2022-12-13 10:24,32.3,30.7,25.6,33.1,25.1
2022-12-13 10:55,32.7,30.9,26.4,33.3,25.6
2022-12-13 11:26,32.5,30.7,25.8,33.1,25.2
2022-12-13 11:57,32.4,30,25.6,33.3,25.2
2022-12-13 12:28,33.1,30.6,26.2,33.3,25.8
2022-12-13 12:59,32.5,30.4,26.2,33.7,25.6
2022-12-13 13:30,32.2,31.1,25.6,33.4,25.8
2022-12-13 14:01,33.1,30.7,25.1,33.1,24.8
2022-12-13 15:03,30.9,28.9,24.7,32.4,24.8
2022-12-13 15:34,33.1,27.8,24.6,32.3,24.7
2022-12-13 16:05,32.1,30.4,24.4,32.2,23.7
2022-12-13 16:36,31.5,27.7,24.3,32.1,24.2
2022-12-13 17:07,30,29.6,24.3,32.4,23.4
2022-12-13 17:38,32.1,27.3,23.8,32,23.4
2022-12-13 18:09,33.4,28.3,23.8,32,23.2
2022-12-13 19:11,29.6,25.6,23.3,31.5,23.8
2022-12-13 19:42,35.3,30.6,22.9,31.5,22.9
2022-12-13 20:13,31.4,29.7,23.6,31.3,22.7
2022-12-13 20:44,29.6,26.2,23.4,30.9,23.7
2022-12-13 21:15,30,27.4,23.4,31.3,23.6
2022-12-13 21:46,33.3,27.5,23.2,30.9,23.2
2022-12-13 22:17,33.3,28.6,22.8,31.1,22.4
2022-12-13 22:48,34.9,29.3,23.3,31.1,22.4
2022-12-13 23:19,31.4,28.4,22.8,31.1,22.9
2022-12-13 23:50,30.1,28.3,23.4,31.1,23.2
2022-12-14 0:21,32.9,29.4,23.3,31.1,23.4
2022-12-14 0:52,30,28.4,23.3,31.1,22.2
2022-12-14 1:23,29.7,28.3,23.3,31.1,22.8
2022-12-14 1:54,29.4,29.7,23.2,30.9,23.2
2022-12-14 2:25,30.4,29.3,23.3,30.7,23.2
2022-12-14 2:56,28.4,28.6,23.4,30.6,21.8
2022-12-14 3:27,31.5,28.6,23.1,30.4,21.8
2022-12-14 3:58,34.1,27.8,22.8,30.4,22.4
2022-12-14 4:29,31.1,26.8,23.3,30.4,21.9
2022-12-14 5:00,33.7,27.5,22.8,30.2,21.8
2022-12-14 5:31,29.7,28.4,22.7,30.4,20.9
2022-12-14 6:02,29.4,26.8,22.2,30.4,21
2022-12-14 6:33,30,29.3,22.4,30.1,21.2
2022-12-14 7:04,30.4,26.3,23.2,29.7,21.1
2022-12-14 7:35,30.1,28.1,22.5,29.7,21.2
2022-12-14 8:06,32.3,27.2,22.7,29.7,21
2022-12-14 8:37,32.7,27.3,23.1,29.7,21.9
2022-12-14 9:08,30.6,27,23.2,30.1,21.9
2022-12-14 9:39,32.1,27.7,23.3,30.4,22.2
2022-12-14 10:10,32.3,27.4,24.6,30.6,22.6
2022-12-14 10:41,32.2,29.3,23.8,30.7,22.7
2022-12-14 11:12,32.5,28.8,24.3,31.1,22.8
2022-12-14 11:43,30.9,28.5,24.6,31.4,22.9
2022-12-14 12:14,31.1,29.7,24.8,31.4,23.3
2022-12-14 12:45,32.7,28.4,24.9,32,23.3
2022-12-14 13:16,31.1,28.6,24.6,31.5,23.4
2022-12-14 13:47,32.3,27.5,25,32.2,24.2
2022-12-14 14:18,30.9,28.1,24.2,31.4,23.4
2022-12-14 14:49,32.4,27.3,23.7,31.4,22.7
2022-12-14 15:20,31.5,28.9,23.4,30.9,22.8
2022-12-14 15:51,30.7,26.8,23.2,30.7,22.2
2022-12-14 16:53,32.4,27.5,22.7,30,22.1
2022-12-14 17:24,29.4,28.5,21.2,30,22.1
2022-12-14 17:55,29.7,28.4,20.9,29.8,21.5
2022-12-14 18:26,33.1,27.2,20.9,29.8,21.5
2022-12-14 18:57,31.4,27.5,22.8,29.6,20.8
2022-12-14 19:28,31.5,28.8,22.1,29.4,21
2022-12-14 19:59,28.5,27.7,22.6,29.3,20.4
2022-12-14 20:30,32.7,28.3,22.5,29.3,20.7
2022-12-14 21:01,28.9,28.6,22.5,29.7,21.4
2022-12-14 21:32,29.3,28.6,22.6,29.4,20.6
2022-12-14 22:03,28.4,28.8,22.1,29.6,21.4
2022-12-14 22:34,29.8,28.4,22,28.8,20.4
2022-12-14 23:05,31.5,28.5,22,28.6,20.2
2022-12-14 23:36,30,27.2,22,29.3,20.9
2022-12-15 0:07,30,27.8,21.4,28.8,20.7
2022-12-15 0:38,30.6,28.3,21.4,28.8,20.4
2022-12-15 1:09,31.3,27.5,21.5,28.5,20.6
2022-12-15 1:40,28.6,27.5,21.4,28.8,20.9
2022-12-15 2:11,30.9,28.3,21.5,28.9,20.8
2022-12-15 2:42,30.7,27.5,21.4,28.5,20.4
2022-12-15 3:13,29.7,27.5,21.5,28.6,20.1
2022-12-15 3:44,29.7,28.2,21.8,28.5,20.4
2022-12-15 4:15,30.6,26.8,21.4,28.2,20.6
2022-12-15 4:46,32.4,27.3,20.9,28.4,20.4
2022-12-15 5:17,30.2,28.2,21.4,28.6,20.3
2022-12-15 5:48,31.1,27.7,20.9,28.8,20.6
2022-12-15 6:19,31.1,26.9,20.7,28.8,20.6
2022-12-15 6:50,31.3,25.1,20.9,28.3,20.6
2022-12-15 7:21,30.9,26.2,20.4,28.2,20.3
2022-12-15 7:52,30.7,27.4,20.6,28.1,20.7
2022-12-15 8:23,30.2,27,21,28.6,21
2022-12-15 8:54,30.7,26.4,22.2,28.5,21.9
2022-12-15 9:25,33.1,28.2,22.7,29.6,22.9
2022-12-15 9:56,29.6,27.4,24.2,30.2,22.9
2022-12-15 10:27,32.4,27.9,23.3,30.4,23.1
2022-12-15 10:58,31.5,27.3,23.2,30.4,22.8
2022-12-15 11:29,31.5,29.4,24.7,31.4,24.2
2022-12-15 12:00,32.7,28.8,25,32.1,24.4
2022-12-15 12:31,32.7,28.9,25.4,32.7,25
2022-12-15 13:02,32.5,29.7,25.9,33.1,25.2
2022-12-15 13:33,32.3,29.7,25.6,32.9,25.4
2022-12-15 14:04,32.2,30.4,25.6,33.1,25.5
2022-12-15 14:35,32.7,30.4,24.9,32.7,24.9
2022-12-15 15:06,32.7,28.4,24.2,32.5,24.4
2022-12-15 15:37,31.1,30,23.4,32.1,23.7
2022-12-15 16:08,32.2,27.5,23.2,32,23.4
2022-12-15 16:39,32,27.7,23.1,31.4,23.4
2022-12-15 17:10,29.8,27.5,22.7,31.3,23.2
2022-12-15 17:41,31.5,27.3,23.1,30.9,23.4
2022-12-15 18:12,30.7,29.4,22.8,31.4,23.2
2022-12-15 18:43,30.4,27.9,22.9,32,22.7
2022-12-15 19:14,32.3,30.7,23.1,32.2,22.8
2022-12-15 19:45,32.3,27.4,23.8,32.3,22.8
2022-12-15 20:16,32,29.4,23.6,32.3,23.7
2022-12-15 20:47,33.6,27.9,23.8,32.3,23.1
2022-12-15 21:18,32.7,27.9,23.7,32.7,23.7
2022-12-15 21:49,31.1,28.4,23.8,32.5,23.4
2022-12-15 22:20,33.1,28.5,23.1,32.5,23.2
2022-12-15 22:51,34.7,28.9,22.7,32.5,23.7
2022-12-15 23:22,34.7,29.6,22.9,32.1,22.9
2022-12-15 23:53,33.3,27.5,23.1,31.5,22.4
2022-12-16 0:24,32.9,29.4,22.4,32.1,22.9
2022-12-16 0:55,31.4,27.8,22.9,32.1,22.9
2022-12-16 1:26,30,28.1,22.6,31.5,22.4
2022-12-16 1:57,33.3,27.3,22.2,31.1,23.3
2022-12-16 2:28,28.9,28.6,22.9,31.1,22.1
2022-12-16 2:59,30,29.4,22.4,31.1,23.1
2022-12-16 3:30,30.4,29.6,22.6,30.7,21.9
2022-12-16 4:01,29.6,28.6,22.2,30.7,22.8
2022-12-16 4:32,30.4,29.4,22.1,30.7,22.4
2022-12-16 5:03,32.5,27.4,22,30.4,21.4
2022-12-16 5:34,31.4,27.7,22.6,30.2,21.1
2022-12-16 6:05,29.4,27.8,21.5,30.2,22.1
2022-12-16 6:36,30.9,27.4,21.2,30.1,21.2
2022-12-16 7:07,33.3,27.4,21.9,29.8,21.2
2022-12-16 7:38,31.1,26.4,21.4,30,20.8
2022-12-16 8:09,31.1,25.6,21.4,29.7,21.1
2022-12-16 8:40,30.7,26.4,21.1,30,20.9
2022-12-16 9:11,30.7,27.8,21.9,30.1,21.5
2022-12-16 9:42,32.9,28.1,22.4,30.1,21.9
2022-12-16 10:13,31.4,27.5,22.7,30.6,21.5
2022-12-16 10:44,34.5,25.9,22.8,30.6,22.8
2022-12-16 11:15,32,27.9,23.2,30.7,22.6
2022-12-16 11:46,31.1,27.5,23.1,31.3,22.6
2022-12-16 12:17,31.3,28.5,23.6,31.4,23.2
2022-12-16 12:48,31.4,28.3,23.4,31.3,22.8
2022-12-16 13:19,31.1,28.2,23.2,31.3,23.1
2022-12-16 13:50,31.4,28.2,23.2,32,23.2
2022-12-16 14:21,30.7,27.5,22.6,31.3,22.6
2022-12-16 14:52,32.1,26.3,22.4,30.7,22.6
2022-12-16 15:23,30.4,28.8,22.5,31.3,22.2
2022-12-16 15:54,31.4,27.7,22.4,31.1,22.2
2022-12-16 16:25,32.5,27.7,22.5,30.7,22.4
2022-12-16 16:56,29.4,26,22.1,30.7,21.2
2022-12-16 17:27,31.1,27.4,21.5,30.6,21.2
2022-12-16 18:29,28.2,24.6,21.4,29.8,21.9
2022-12-16 19:00,34.1,29.4,22.4,30.4,22
2022-12-16 19:31,30.2,26.4,22.7,30.2,21.5
2022-12-16 20:02,30.7,27.2,22.8,30.2,21.5
2022-12-16 20:33,30.6,28.8,22.6,30.6,21.2
2022-12-16 21:04,33.4,26.8,22.8,30.4,21.1
2022-12-16 21:35,33.7,28.1,22.8,30.2,21.2
2022-12-16 22:06,32.7,27.2,22.6,30,20.8
2022-12-16 22:37,30.1,26.4,22.1,30.2,21.8
2022-12-16 23:08,30.1,28.1,22.1,30.4,21.4
2022-12-16 23:39,31.1,27.8,22.6,30,20.8
2022-12-17 0:10,33.1,27.5,22.6,30.2,21.8
2022-12-17 0:41,33.4,25.4,22.4,30,20.9
2022-12-17 1:12,31.3,29.6,22.7,29.7,21.5
2022-12-17 1:43,28.6,30.4,22.6,30.2,20.7
2022-12-17 2:14,30.1,28.9,22.6,30,20.6
2022-12-17 2:45,33.4,26.4,22.2,30.1,20.7
2022-12-17 3:16,29.3,29.4,22.1,29.6,21.1
2022-12-17 3:47,30,28.3,21.8,29.7,20.3
2022-12-17 4:18,30.2,27.8,21.9,29.4,20.7
2022-12-17 4:49,30.7,28.1,21.4,29.7,20.3
2022-12-17 5:20,31.1,27.5,21.2,29.4,20.3
2022-12-17 5:51,29.8,27.5,21.1,29.6,20.6
2022-12-17 6:22,32,25.6,20.9,29.6,20.6
2022-12-17 6:53,32.2,26.4,21.2,29.6,20.7
2022-12-17 7:24,29.7,27,20.8,29.7,21
2022-12-17 7:55,32.4,26,21,29.7,20.6
2022-12-17 8:26,30.4,25.2,21.4,29.7,21.1
2022-12-17 8:57,29.8,26.3,21.2,29.7,21.1
2022-12-17 9:28,28.6,26.3,22.1,29.8,21.8
2022-12-17 9:59,32.3,26.9,22.4,30.1,21.5
2022-12-17 10:30,33.6,28.2,22,30.2,20.9
2022-12-17 11:01,31.3,27.4,22.6,30.1,22
2022-12-17 11:32,29.8,28.4,22.5,30.7,21.4
2022-12-17 12:03,28.1,27.7,22.5,30.6,21.8
2022-12-17 12:34,31.4,26.8,22.8,30.6,21.8
2022-12-17 13:05,28.6,27.9,22.2,30.7,21.9
2022-12-17 13:36,28.1,26.2,22.1,30.4,21.9
2022-12-17 14:07,29.7,27.8,21.9,30.4,22
2022-12-17 14:38,28.5,27.4,21.9,30.4,22
2022-12-17 15:09,29.4,26.3,21.8,30.4,22.2
2022-12-17 15:40,30.7,26.3,22,30.4,21.9
2022-12-17 16:11,31.3,27.3,21,30.4,21.8
2022-12-17 16:42,31.1,25.6,21.4,30.1,21.8
2022-12-17 17:13,28.9,24.9,20.9,30.4,21.1
2022-12-17 17:44,32.7,27.7,20.3,30.1,21.9
2022-12-17 18:15,29.7,25.5,21,29.7,21
2022-12-17 18:46,28.8,26.3,21.8,29.7,21.8
2022-12-17 19:17,32.5,26.4,21.1,29.7,20.8
2022-12-17 19:48,34,25.8,20.6,29.4,21.4
2022-12-17 20:19,30.6,26.2,20.8,28.9,21
2022-12-17 20:50,33.1,26.9,20.4,28.9,20.7
2022-12-17 21:21,29.4,27.5,20.9,29.4,21.1
2022-12-17 21:52,32.5,26.9,21.4,29.7,20.9
2022-12-17 22:23,32.4,26.8,21.5,29.7,21
2022-12-17 22:54,32.4,27.4,22,29.7,21.2
2022-12-17 23:25,32.7,26.3,21.5,30.1,22
2022-12-17 23:56,30.2,28.1,21.8,30.2,21.9
2022-12-18 0:27,31.3,27.9,21.8,30.1,21.9
2022-12-18 0:58,32.7,27.8,21.5,30.4,21
2022-12-18 1:29,29.8,26.3,21.9,30.4,21.4
2022-12-18 2:00,31.5,27.5,21.5,30.2,21.1
2022-12-18 2:31,30.2,25.9,21.8,30.1,21.5
2022-12-18 3:33,33.1,25.6,21.9,30.2,21
2022-12-18 4:04,33.1,26.8,21.8,30.1,21.5
2022-12-18 4:35,29.7,27.4,22,30.2,21
2022-12-18 5:06,32.3,26.4,21.9,30,20.7
2022-12-18 5:37,31.4,27.2,22.1,30,20.7
2022-12-18 6:08,33.6,27.8,21.8,30.1,21.5
2022-12-18 6:39,31.5,26.8,21.2,29.8,20.7
2022-12-18 7:10,29.4,26,21.4,30.4,20.9
2022-12-18 7:41,30,27.3,20.6,29.7,20.6
2022-12-18 8:12,30.7,27,20.6,29.7,21.2
2022-12-18 8:43,30.4,27.2,21.1,30.2,21
2022-12-18 9:14,31.5,27.4,22.4,30.2,21.2
2022-12-18 9:45,30.4,27.2,22.6,30.6,21.9
2022-12-18 10:16,29.4,27.3,22.8,30.6,22
2022-12-18 10:47,30.4,27.9,23.3,30.6,22.1
2022-12-18 11:18,30.4,27.7,22.7,30.7,22.2
2022-12-18 12:20,30.7,27.9,23.4,30.9,22.2
2022-12-18 12:51,32,28.5,23.2,30.9,22.5
2022-12-18 13:22,30.4,27.3,22.1,30.7,22
2022-12-18 13:53,30.9,27.5,22.7,30.9,22.1
2022-12-18 14:24,31.1,27.5,22.9,31.3,22.2
2022-12-18 14:55,30.4,26.8,22.8,31.3,22.1
2022-12-18 15:26,30.4,27,22.6,30.7,21.8
2022-12-18 15:57,30.9,27.4,22.4,30.7,21.5
2022-12-18 16:28,29.7,25.6,21.8,30.7,21.4
2022-12-18 17:30,31.4,25,20.7,29.4,21
2022-12-18 18:01,32.3,26.8,19.9,29.6,20.2
2022-12-18 18:32,31.3,26.3,19.6,28.6,20.4
2022-12-18 19:03,30.4,27.3,21,28.6,20.6
2022-12-18 19:34,30.4,27.4,21.2,28.8,20.3
2022-12-18 20:05,28.8,26.2,21.2,28.9,20.1
2022-12-18 20:36,30.4,27.3,20.7,28.6,20.2
2022-12-18 21:07,33.4,25.6,20.7,28.9,20.6
2022-12-18 21:38,29.8,25.6,21,28.9,20.1
2022-12-18 22:09,31.1,27.4,20.8,29.3,20.3
2022-12-18 22:40,28.8,27,21,28.8,20.2
2022-12-18 23:11,30.4,26.3,20.9,28.6,20.3
2022-12-18 23:42,30.4,27.7,21.5,28.9,20.1
2022-12-19 0:13,31.1,28.3,21.8,29.6,20.8
2022-12-19 0:44,27.5,28.2,20.8,29.4,20.4
2022-12-19 1:15,30,26,20.7,28.8,20.1
2022-12-19 1:46,28.8,25.1,20,28.6,19.6
2022-12-19 2:17,30.2,25.6,19.9,28.3,20.2
2022-12-19 2:48,30,25.6,19.7,27.9,19.6
2022-12-19 3:19,28.5,26.2,20.1,27.7,19.4
2022-12-19 3:50,27.8,27.5,19.7,28.1,19.4
2022-12-19 4:21,28.1,26.9,19.7,28.3,19.6
2022-12-19 4:52,28.2,27.4,19.7,27.8,19.6
2022-12-19 5:23,28.6,28.1,19.6,28.2,19.6
2022-12-19 5:54,28.6,28.1,19.6,27.7,19
2022-12-19 6:25,27.9,25.8,18.8,27.8,19
2022-12-19 6:56,27.2,27.3,18.3,27.5,19.4
2022-12-19 7:27,27.2,27.4,18.1,27,18.9
2022-12-19 7:58,25.8,25.8,18.1,26.9,19
2022-12-19 8:29,27.2,26.4,18.6,27.7,19.5
2022-12-19 9:00,26.3,27.5,20.1,27.8,20.2
2022-12-19 9:31,25.6,25.6,21,27.9,20.8
2022-12-19 10:02,28.1,27.7,21,28.4,20.7
2022-12-19 10:33,25.6,25.6,21.8,29.3,21.2
2022-12-19 11:04,27,26,22.4,29.7,22.2
2022-12-19 11:35,27.4,27.2,22.5,30.2,22.6
2022-12-19 12:06,28.2,26.8,23.4,30,23.2
2022-12-19 12:37,27.5,28.6,23.2,30.2,23.1
2022-12-19 13:39,28.3,27.8,22.7,30.6,23.2
2022-12-19 14:10,27.8,27.8,23.1,31.1,23.6
2022-12-19 14:41,28.6,28.6,22.9,31.4,23.6
2022-12-19 15:12,28.1,28.2,22.8,31.5,23.4
2022-12-19 15:43,28.9,28.3,22.8,31.4,23.3
2022-12-19 16:14,28.3,28.2,22.2,31.1,23.1
2022-12-19 16:45,29.6,26,21.4,30.6,22
2022-12-19 17:16,27.7,27.7,20.4,30.4,21.4
2022-12-19 17:47,29.7,25.6,20.2,29.7,21.8
2022-12-19 18:18,28.8,25.9,20.1,29.6,21.1
2022-12-19 18:49,28.5,25.6,21.1,29.7,21
2022-12-19 19:20,26.9,26.8,21.2,30,21.2
2022-12-19 19:51,29.8,28.8,21,29.6,21.4
2022-12-19 20:22,30.4,28.4,21.5,29.8,21.8
2022-12-19 20:53,28.2,26.3,21.8,30.2,20.9
2022-12-19 21:24,30.4,27.2,21.1,30.1,21.9
2022-12-19 21:55,29.4,27.9,21.4,30.1,21.8
2022-12-19 22:26,29.8,26.2,21.1,30.1,21.2
2022-12-19 22:57,28.2,27.8,21.2,29.7,21.1
2022-12-19 23:28,28.9,26.3,20.9,30,21.5
2022-12-19 23:59,26.9,28.2,21.2,29.7,21.4
2022-12-20 0:30,29.6,28.4,20.9,29.8,20.7
2022-12-20 1:01,26,27.8,20.8,29.3,20.6
2022-12-20 1:32,30.4,26.9,20.3,29.7,21
2022-12-20 2:03,28.9,26.4,20,29.4,19.9
2022-12-20 2:34,29.3,25.9,19.5,29.4,20.1
2022-12-20 3:05,28.2,27.4,19.5,28.6,20.7
2022-12-20 3:36,27.4,27.4,19.4,28.8,20
2022-12-20 4:07,25.9,25.9,18.7,28.9,20.1
2022-12-20 4:38,27.3,26.2,18.3,28.9,19.9
2022-12-20 5:09,28.9,27.3,18.7,28.8,20.2
2022-12-20 5:40,25.6,27.7,18.2,28.6,19.6
2022-12-20 6:11,24.6,25.8,17.1,28.4,19.7
2022-12-20 6:42,25.6,26.4,16.8,28.3,19.5
2022-12-20 7:13,25.2,24.9,16.8,28.1,19
2022-12-20 7:44,25.6,25.8,16.5,27.7,19.4
2022-12-20 8:15,24.7,25.6,16.5,27.7,19.7
2022-12-20 8:46,23.8,25,17.5,28.4,20
2022-12-20 9:17,22.8,26,18.3,28.3,20.4
2022-12-20 9:48,23.4,27.2,18.2,28.6,21.1
2022-12-20 10:19,24.9,28.2,18.6,28.9,21.1
2022-12-20 10:50,25.1,27.3,19.4,29.7,21.5
2022-12-20 11:21,25.6,28.1,20,29.8,22.2
2022-12-20 11:52,25.9,27.8,20.2,30.2,22.6
2022-12-20 12:23,25.8,28.3,20.6,30.6,22.8
2022-12-20 12:54,26,28.3,21.2,31.1,23.1
2022-12-20 13:25,26.3,27.7,22.6,31.4,23.6
2022-12-20 13:56,26.2,29.4,24.2,32.2,23.6
2022-12-20 14:27,26.9,29.6,25.2,32.5,23.7
2022-12-20 14:58,26.4,30.4,25.2,32.7,23.4
2022-12-20 15:29,26.3,28.9,25.2,32.4,23.3
2022-12-20 16:00,26.8,30.1,24.7,32.1,23.2
2022-12-20 16:31,27.5,26.9,23.2,31.3,22.1
2022-12-20 17:02,25.6,28.8,22,30.6,21.5
2022-12-20 17:33,26.3,27.9,21.9,30.7,21.1
2022-12-20 18:04,26.2,27.4,21.8,30.2,21
2022-12-20 18:35,25.9,27.5,21.8,30.2,21.4
2022-12-20 19:06,26.2,28.1,22.4,30,21.8
2022-12-20 19:37,25.8,26.3,22.1,30.2,21.4
2022-12-20 20:08,25.1,25.6,21.4,30.4,20.7
2022-12-20 20:39,25.1,27.5,22.2,30.2,21.5
2022-12-20 21:10,28.8,27.5,21.2,30.2,21.8
2022-12-20 21:41,28.6,27.8,21,30.2,20.9
2022-12-20 22:12,28.6,26.9,21.5,30.1,21
2022-12-20 22:43,27.8,25.8,20.9,30,20.9
2022-12-20 23:14,28.1,27.5,21.1,30.2,21
2022-12-20 23:45,27.5,27.3,21.8,29.8,21
2022-12-21 0:16,27.4,27.4,21.8,30,21.5
2022-12-21 0:47,26.4,27.9,21.4,29.8,21.2
2022-12-21 1:18,28.8,26.4,20.7,30.4,21.9
2022-12-21 1:49,25.4,28.3,21.4,29.8,21.5
2022-12-21 2:20,26.3,27.9,21.1,30.1,21.1
2022-12-21 2:51,25.6,28.3,20.8,30,21.4
2022-12-21 3:22,27.5,27.5,20.6,30.2,21.9
2022-12-21 3:53,27,27.5,20.9,30,21.8
2022-12-21 4:24,25.6,27.4,20.6,30.4,21.5
2022-12-21 4:55,27.5,28.2,20.4,30.1,21.8
2022-12-21 5:26,26.8,27.7,21.1,30,22
2022-12-21 5:57,25.9,27,20.6,30.1,21.8
2022-12-21 6:28,28.3,26.8,20.3,30.1,21.5
2022-12-21 6:59,24.7,26.8,20.9,30.4,21.9
2022-12-21 7:30,26.8,27.5,20.8,30.4,22
2022-12-21 8:01,26.4,28.3,21.5,30.9,21.8
2022-12-21 8:32,27.5,29.7,21.8,32.4,22.2
2022-12-21 9:03,28.2,26.9,22.4,32.7,22.2
2022-12-21 9:34,30.4,28.6,22.2,32.7,22.6
2022-12-21 10:05,30.7,29.6,22.1,33.6,22.7
2022-12-21 10:36,29.6,27.5,22.5,33.4,23.7
2022-12-21 11:07,30,27.9,22.9,34.1,23.1
2022-12-21 11:38,31.3,29.4,22.7,35.1,23.6
2022-12-21 12:09,30.2,32.3,22.8,34.7,23.8
2022-12-21 12:40,31.3,30.1,23.4,35.3,23.8
2022-12-21 13:11,30.7,30.9,22.7,35.7,23.8
2022-12-21 13:42,30.4,30.6,23.3,35.5,24.3
2022-12-21 14:13,30.7,31.4,23.4,35.5,24.3
2022-12-21 14:44,31.5,32.2,23.6,35.3,25
2022-12-21 15:15,31.4,27.9,22.9,35.5,24.6
2022-12-21 15:46,30.7,30.4,22.7,35.6,23.7
2022-12-21 16:17,31.5,31.3,22.9,35.3,23.8
2022-12-21 16:48,31.5,30.4,22.7,35.1,24.2
2022-12-21 17:19,31.1,32.7,22,35.5,23.1
2022-12-21 17:50,28.5,32.4,21.9,35.3,22.7
2022-12-21 18:21,33.3,27.3,22.2,34.7,22.4
2022-12-21 18:52,31.1,28.6,22.2,34.1,22.2
2022-12-21 19:23,31.3,32.4,21.5,33.7,22.2
2022-12-21 19:54,30.6,30.2,22,33.4,22.6
2022-12-21 20:25,31.5,30,22,33.6,22.4
2022-12-21 20:56,32.2,28.4,22.5,34,22.1
2022-12-21 21:27,29.6,32,21.9,33.7,21.9
2022-12-21 21:58,32.7,29.8,21.8,33.6,22.1
2022-12-21 23:31,30.1,30.9,22,33.6,22.9
2022-12-22 0:02,30.6,30.2,22.2,33.1,22.7
2022-12-22 0:33,29.7,32,21.5,33.1,22.7
2022-12-22 1:04,32,27,21.8,32.7,21.9
2022-12-22 1:35,29.7,30.9,21,33.1,22
2022-12-22 2:06,30,32.3,22.1,32.7,22.9
2022-12-22 2:37,30.2,30.9,21.2,32.9,22.8
2022-12-22 3:08,30.4,29.4,20.9,32.9,22.7
2022-12-22 3:39,28.4,30.7,22.1,32.5,21.9
2022-12-22 4:10,28.6,29.8,21.1,32.7,22.6
2022-12-22 4:41,30.4,30.7,21.8,32.4,22.7
2022-12-22 5:12,32.7,29.8,21.5,32.3,21.9
2022-12-22 5:43,30.4,29.7,20.8,32.4,22.6
2022-12-22 6:14,30.6,29.3,21,32.1,22
2022-12-22 6:45,30.6,29.3,21.1,32.3,21.8
2022-12-22 7:16,29.6,28.6,20.6,32,21.8
2022-12-22 7:47,28.2,29.4,20.9,32.2,21.2
2022-12-22 8:18,28.4,28.1,20.4,32.2,21.4
2022-12-22 8:48,30.4,28.9,20.9,31.5,21.4
2022-12-22 9:19,30.4,28.6,21,31.5,21.8
2022-12-22 9:50,29.8,28.1,21.9,31.4,21.2
2022-12-22 10:22,29.4,28.8,21.1,32.2,21.9
2022-12-22 10:53,28.9,28.1,23.1,32.3,23.2
2022-12-22 11:23,30.4,30.1,23.1,32.3,22.9
2022-12-22 11:54,30.4,29.8,22.4,32.2,22.6
2022-12-22 12:25,30.4,27.7,22.8,32.7,23.1
2022-12-22 12:56,29.7,30.6,22.6,32.5,23.2
2022-12-22 13:27,29.8,28.5,23.3,32.7,23.4
2022-12-22 13:58,30.4,29.8,22.2,32.4,22.9
2022-12-22 14:29,30.4,27.5,21.2,32.3,22.4
2022-12-22 15:00,29.7,26.9,21.4,31.5,22.4
2022-12-22 15:31,30.4,27.4,21,32.1,21.4
2022-12-22 16:02,29.3,26,21.4,31.1,22
2022-12-22 16:33,32.1,29.8,20.2,31.1,22.1
2022-12-22 17:04,31.4,30.7,20.2,31.4,22.1
2022-12-22 17:35,27.9,27.2,20.8,32.1,21.2
2022-12-22 18:06,28.1,27,20.9,31.1,21.5
2022-12-22 18:37,32.4,27.5,20.7,31.3,22.1
2022-12-22 19:08,31.3,27.4,20.6,32.1,21.5
2022-12-22 19:39,28.9,27.8,21,32.2,22.2
2022-12-22 20:10,29.7,29.8,21,32.3,21
2022-12-22 20:41,32.5,30.4,21.1,31.4,22.2
2022-12-22 21:12,32.7,28.8,21.4,32.1,21
2022-12-22 21:43,33.1,30,21.8,32.2,21.4
2022-12-22 22:14,31.3,27.4,21.2,32.2,22
2022-12-22 22:45,28.9,29.3,22.1,32.1,21
2022-12-22 23:16,29.7,29.7,21.5,32.4,22.5
2022-12-22 23:47,30.4,28.3,21.4,32.1,21.2
2022-12-23 0:18,29.3,30.1,21.4,32.3,22
2022-12-23 0:49,28.9,29.8,21.8,32.3,22.2
2022-12-23 1:20,33.4,28.1,21.4,32.3,21.2
2022-12-23 1:51,31.5,28.1,21.4,32.2,20.9
2022-12-23 2:23,32.2,28.4,21.5,32.4,22.4
2022-12-23 2:53,30.7,27.8,21.5,32.3,21.1
2022-12-23 3:24,31.1,28.2,21.5,32.3,21.5
2022-12-23 3:55,30.2,29.4,22.2,32.2,22.2
2022-12-23 4:26,31.5,28.8,22.1,32.2,21.5
2022-12-23 4:57,32.3,29.4,21.8,32.5,22.6
2022-12-23 5:28,30.1,27.7,22.4,32.1,22
2022-12-23 5:59,33.1,28.4,22.1,32.5,22.4
2022-12-23 6:30,30.6,28.4,21.5,32.2,21.8
2022-12-23 7:01,30.1,28.2,21,32.7,22
2022-12-23 7:32,32.7,29.6,22,32.2,21.8
2022-12-23 8:03,28.8,27.8,21.2,32.3,21.8
2022-12-23 8:34,31.1,28.2,21.8,31.5,22
2022-12-23 9:05,32.5,28.8,21.4,32.1,21.5
2022-12-23 9:36,32.5,29.3,21.9,32.1,22.2
2022-12-23 10:07,32.1,27.7,22.2,32.1,22.4
2022-12-23 10:38,31.3,30,22,32.5,22.5
2022-12-23 11:09,30.4,30.4,22.2,32.2,22.6
2022-12-23 11:40,30.2,29.7,22.1,32.4,22.7
2022-12-23 12:11,30,28.8,22.1,32.7,22.1
2022-12-23 12:42,30,30.4,22.1,32.4,22.6
2022-12-23 13:13,31.1,28.5,22.1,32.4,22.7
2022-12-23 13:44,30.7,30.6,21.8,32.7,22.4
2022-12-23 14:15,29.6,30.4,21.9,32.9,22
2022-12-23 14:46,29.6,27.5,21.9,32.7,22.6
2022-12-23 15:17,30.2,27.8,22.1,32.7,22.1
2022-12-23 15:48,31.1,27.5,22,32.5,22.1
2022-12-23 16:19,29.7,26.9,21.9,32.5,22.6
2022-12-23 16:50,30.2,29.7,22.1,32.4,22.4
2022-12-23 17:21,31.4,29.7,21.2,32.7,22.1
2022-12-23 17:52,29.7,28.3,21.5,33.1,22
2022-12-23 18:23,29.7,26.4,22.1,32.4,22.7
2022-12-23 18:54,30.1,27.4,21.1,33.1,21.8
2022-12-23 19:25,30.7,30,21.1,32.4,22.6
2022-12-23 19:56,30.4,26.4,22.4,32.4,22.5
2022-12-23 20:27,32.1,29.7,21.5,32.4,22.5
2022-12-23 20:58,30.7,26.9,21.8,33.1,22.4
2022-12-23 21:29,30.7,28.3,21.1,32.7,22.4
2022-12-23 22:00,29.7,28.4,21.5,32.7,22.6
2022-12-23 22:31,30.4,27.8,21.1,33.1,22.6
2022-12-23 23:02,32.3,27.5,21.2,32.7,21.8
2022-12-23 23:33,31.1,27.7,22.2,32.7,22.2
2022-12-24 0:04,32.4,28.3,22.1,32.5,22.1
2022-12-24 0:35,32.4,27.3,21.2,32.9,22.7
2022-12-24 1:06,33.3,28.8,21.8,32.3,22.9
2022-12-24 1:37,32.5,27.4,21.4,32.4,22.2
2022-12-24 2:08,32.5,29.8,21.8,32.7,21.9
2022-12-24 2:39,29.8,29.3,21.5,32.7,22.7
2022-12-24 3:10,33.3,27.5,21.5,32.4,21.5
2022-12-24 3:41,28.9,25.9,20.9,32.7,23.6
2022-12-24 4:12,30.7,27,21,33.1,21.8
2022-12-24 4:43,32.2,27.8,21.1,33.1,21.8
2022-12-24 5:14,31.1,30,21.8,32.4,22
2022-12-24 5:45,32.2,26.4,21,33.1,21.9
2022-12-24 6:16,31.1,27.3,21.4,32.7,22.1
2022-12-24 6:47,30.4,28.8,20.9,32.7,21.8
2022-12-24 7:18,29.8,27.8,20.9,32.7,21.4
2022-12-24 7:49,28.8,28.6,21,32.7,22.1
2022-12-24 8:20,31.1,28.1,21.2,32.3,22
2022-12-24 9:22,31.3,29.6,21,32.7,21.2
2022-12-24 9:53,30.1,27.3,21.8,32.4,22.6
2022-12-24 10:24,28.8,28.3,21,32.7,21.9
2022-12-24 10:55,32.7,28.9,21.1,32.9,22.7
2022-12-24 11:26,28.6,27.4,21.5,32.7,22.6
2022-12-24 11:57,30,30.2,21.8,32.7,22.1
2022-12-24 12:28,30,30.1,22.1,32.7,22.4
2022-12-24 12:59,31.1,27.2,21.9,33.1,21.9
2022-12-24 13:30,29.7,29.7,22.1,32.7,22.1
2022-12-24 14:01,30.7,28.2,22,33.3,21.8
2022-12-24 14:32,30.4,27.4,22.1,33.3,21.5
2022-12-24 15:03,30.6,27.2,22.2,32.7,21.8
2022-12-24 15:34,30.4,27.8,21.9,33.3,21.5
2022-12-24 16:05,31.1,30.2,21.9,33.4,21.8
2022-12-24 16:36,31.1,26.2,22,32.7,21.5
2022-12-24 17:07,31.3,27.9,21.8,33.3,21.5
2022-12-24 17:38,28.3,25.6,21,32.4,22.2
2022-12-24 18:09,30.4,25.2,20.9,32.7,22.4
2022-12-24 19:11,32.7,29.7,20.2,32.7,20.4
2022-12-24 19:42,27.7,25.6,20.7,32.4,20.3
2022-12-24 20:13,29.6,26.2,20.4,32.4,20.4
2022-12-24 20:44,30.6,26.4,20.3,32,21.5
2022-12-24 21:15,28.8,27.4,20.1,31.5,20.7
2022-12-24 21:46,32.1,28.5,20.2,31.4,20.4
2022-12-24 22:17,30.1,26.4,20.1,31.1,20.6
2022-12-24 22:48,29.8,28.6,20.2,32,20.6
2022-12-24 23:19,30.6,25.6,20.1,31.4,20.7
2022-12-24 23:50,29.7,26,20.1,31.1,20.3
2022-12-25 0:21,31.4,25,19.7,31.1,20.3
2022-12-25 0:52,29.4,29.8,20.1,30.7,20.2
2022-12-25 1:23,30.7,25.8,20.3,30.4,19.7
2022-12-25 1:54,29.7,28.8,20,30.7,20.6
2022-12-25 2:25,27.5,28.2,20.8,31.1,20.7
2022-12-25 2:56,30,27.3,20.3,31.4,20.8
2022-12-25 3:27,30.4,26.2,21,31.1,20.7
2022-12-25 3:58,27.9,28.2,20.6,31.4,20.6
2022-12-25 4:29,30.4,27.5,20.2,31.1,20.3
2022-12-25 5:00,29.8,27.5,20.1,30.9,20.4
2022-12-25 5:31,28.8,28.5,19.9,31.1,20.2
2022-12-25 6:02,28.4,27.5,19.6,30.7,20.2
2022-12-25 6:33,28.2,27.4,19.6,30.6,19.7
2022-12-25 7:04,29.7,28.3,20.4,30.4,20.6
2022-12-25 7:35,28.8,27.2,20.2,31.4,20.2
2022-12-25 8:06,27.5,26.3,20.6,31.5,20.7
2022-12-25 8:37,30.1,27,20.6,31.3,20.7
2022-12-25 9:08,29.7,27.9,20.9,31.1,20.6
2022-12-25 9:39,28.2,27.7,21.2,31.3,20.1
2022-12-25 10:10,29.8,28.1,21.9,31.1,20.8
2022-12-25 10:41,29.3,28.3,22,31.4,21.2
2022-12-25 11:12,28.8,27.4,22.5,31.5,21.9
2022-12-25 11:43,28.8,26.9,22.6,32.4,22.2
2022-12-25 12:14,28.6,27.9,22.8,32.2,22.2
2022-12-25 12:45,29.4,28.3,22.6,32.4,22.1
2022-12-25 13:16,28.8,28.6,22.6,32.4,22.1
2022-12-25 13:47,29.4,28.8,22.6,32.2,22
2022-12-25 14:18,28.4,28.6,22.5,32.4,21.5
2022-12-25 14:49,28.6,28.6,22.5,32.2,21.8
2022-12-25 15:20,28.6,27.7,22.4,32.2,21.8
2022-12-25 15:51,28.5,27.2,22.2,32.2,21.4
2022-12-25 16:22,28.9,27,21.9,32.1,21.4
2022-12-25 16:53,28.4,26.9,21.9,31.5,21.1
2022-12-25 17:24,30.2,27.4,21.5,31.1,22
2022-12-25 17:55,30.4,26.8,21.1,30.9,21.1
2022-12-25 18:26,31.5,24.6,21.1,31.1,20.3
2022-12-25 19:28,29.4,30.1,20.2,31.4,20.4
2022-12-25 19:59,27.9,26,20.6,30.7,20.7
2022-12-25 20:30,27.4,28.1,20.1,30.7,20.6
2022-12-25 21:01,27.8,27.8,20.4,30.6,20
2022-12-25 21:32,32,25.5,20.7,30.6,20.1
2022-12-25 22:03,28.8,25.4,20,30.2,20.8
2022-12-25 22:34,30,26,20,30.7,20.1
2022-12-25 23:05,27.5,26.9,20.1,30.4,19.6
2022-12-25 23:36,29.3,26,19.7,30.4,19.6
2022-12-26 0:07,27.2,28.3,20.3,29.7,19.7
2022-12-26 0:38,28.8,24.7,19.7,30,20.2
2022-12-26 1:09,27.8,24.8,20.1,30,19.6
2022-12-26 1:40,28.1,25.6,20.1,29.4,19.7
2022-12-26 2:11,28.8,26.2,20,29.4,19.4
2022-12-26 2:42,28.4,25.1,19.6,29.6,19.6
2022-12-26 3:13,27.7,27.3,19.6,29.7,19.6
2022-12-26 3:44,28.5,26.2,19.7,29.3,19.6
2022-12-26 4:15,26.8,26.9,20.2,28.6,19.6
2022-12-26 4:46,26,25.6,20.6,28.8,19.6
2022-12-26 5:17,27.7,27.9,20,29.7,19.6
2022-12-26 5:48,25.5,28.1,19.7,29.7,19.6
2022-12-26 6:19,27,25.5,19.6,29.4,19.5
2022-12-26 6:50,25.8,25.8,19.6,28.9,19.6
2022-12-26 7:21,25,24.8,19.5,28.6,19
2022-12-26 7:52,25.6,25.4,19.9,28.6,19.4
2022-12-26 8:23,25.4,27.4,19.5,28.2,19.4
2022-12-26 8:54,25.9,27.5,20.1,28.4,19.6
2022-12-26 9:25,25.5,27.8,20.4,29.3,19.9
2022-12-26 9:56,25.4,25.6,21.1,29.4,20.3
2022-12-26 10:27,25,28.1,21.4,29.3,20.8
2022-12-26 10:58,25.8,27.2,22,29.8,21
2022-12-26 11:29,25.9,26.4,22.4,30.2,21.4
2022-12-26 12:00,26,28.4,22.8,30.4,21.9
2022-12-26 13:02,26.9,28.2,22.9,30.1,22.1
2022-12-26 13:33,26.3,26.4,22.8,30.1,22
2022-12-26 14:04,26.2,27.5,22.7,30.6,22
2022-12-26 14:35,26,28.9,22.6,30.1,22.1
2022-12-26 15:06,27.2,26.4,22.4,30.2,22.1
2022-12-26 15:37,25.9,27.2,22.1,30.2,21.9
2022-12-26 16:08,26.3,26.4,22.2,30.4,21.9
2022-12-26 16:39,27.2,25.8,21.9,30.7,21.1
2022-12-26 17:10,27.4,28.1,21.2,30,21.1
2022-12-26 17:41,27.2,28.8,20.7,30.1,20.7
2022-12-26 18:12,26.3,29.3,20.2,29.7,20.2
2022-12-26 18:43,26.2,29.7,20.1,29.7,20.4
2022-12-26 19:14,25.2,26.2,20.7,29.3,19.6
2022-12-26 19:45,27.2,28.4,20,28.9,20.2
2022-12-26 20:16,24.8,24.9,20.1,28.9,20.3
2022-12-26 20:47,26.9,25.4,20.6,28.8,19.9
2022-12-26 21:18,26.8,25.9,20.1,28.5,19.6
2022-12-26 21:49,25.1,26.3,20.1,28.4,19.9
2022-12-26 22:20,24.7,27.4,20,28.3,19.5
2022-12-26 22:51,24.7,26.9,20.1,28.4,19.9
2022-12-26 23:22,27.9,24.8,19.7,28.5,19
2022-12-26 23:53,24.2,28.1,20.2,28.2,19.4
2022-12-27 0:24,26,27.9,20,28.1,19.5
2022-12-27 0:55,27.2,25.6,19.9,27.5,19.6
2022-12-27 1:26,24.9,28.2,19.9,27.5,18.8
2022-12-27 1:57,24.2,26.2,19.6,27.5,19.6
2022-12-27 2:28,25.2,24.8,19.6,27.5,19
2022-12-27 2:59,25.4,24.8,19.6,27.5,19.5
2022-12-27 3:30,25,25,19.7,27.2,18.7
2022-12-27 4:01,22.7,25.6,19.6,27,18.3
2022-12-27 4:32,22.5,25.2,19.5,26.8,18.6
2022-12-27 5:03,22.6,24.9,19.6,26.3,18.5
2022-12-27 5:34,21.5,26.8,19.7,26.4,18.5
2022-12-27 6:05,21.2,25.5,19.6,26.4,18.3
2022-12-27 6:36,21.9,25.1,19.5,26,18.5
2022-12-27 7:07,20.6,24.8,19.6,25.9,18.3
2022-12-27 7:38,20.3,25.1,19.5,26.4,18.3
2022-12-27 8:09,20.3,24.8,19.6,25.6,18.6
2022-12-27 8:40,19.4,25,19.7,26.8,18.9
2022-12-27 9:11,19.6,25.5,20.7,26.3,19.4
2022-12-27 9:42,19.6,25,20.7,27,19.9
2022-12-27 10:13,20.1,25.4,21.2,27.2,20.2
2022-12-27 10:44,20.2,27.8,22,27.5,20.8
2022-12-27 11:15,21.4,27.5,22.2,28.2,20.9
2022-12-27 11:46,22.5,26.8,22.7,28.2,21.5
2022-12-27 12:17,22.8,26.4,22.7,28.3,21.4
2022-12-27 12:48,22.9,27.4,22.9,28.4,21.5
2022-12-27 13:19,22.8,27.5,22.9,28.5,21.9
2022-12-27 13:50,22.9,26.8,22.9,28.5,21.8
2022-12-27 14:21,23.4,27.9,22.7,28.6,21.5
2022-12-27 14:52,23.6,27.3,22.7,28.6,21.9
2022-12-27 15:23,24.8,26.3,22.7,28.9,22
2022-12-27 15:54,25.6,25.9,22.5,28.5,21.2
2022-12-27 16:25,26,27.7,22.1,28.4,21.4
2022-12-27 16:56,27.2,25.2,21.8,28.3,20.8
2022-12-27 17:27,27,26.2,21,27.9,20.6
2022-12-27 17:58,25.9,25.6,20.6,28.3,19.9
2022-12-27 18:29,26.2,26.2,20.1,28.2,20.2
2022-12-27 19:00,27.4,28.3,20.3,28.3,19.6
2022-12-27 19:31,27.4,25,20.9,27.7,19.6
2022-12-27 20:02,27.2,27,20.8,27.5,20
2022-12-27 20:33,26.8,26.3,20.2,28.1,19.6
2022-12-27 21:04,26.3,26.4,20.2,27.9,19.7
2022-12-27 21:35,26.4,25.9,20.7,27.5,19.4
2022-12-27 22:06,25.6,25.9,21,27.5,19.6
2022-12-27 22:37,25.6,26.3,20.8,28.1,20
2022-12-27 23:08,26.4,26.9,20.7,27.5,19.7
2022-12-27 23:39,27.3,25.1,20.6,28.1,19.6
2022-12-28 0:10,26.9,26,20.6,28.3,19.6
2022-12-28 0:41,27.5,26.2,21.2,27.7,19.4
2022-12-28 1:12,24.7,27.5,20.6,27.5,19.7
2022-12-28 1:43,27.4,25.2,20.3,27.5,20
2022-12-28 2:14,24.4,28.2,20.7,27.4,18.7
2022-12-28 2:45,25,26.9,20.3,27.5,19.6
2022-12-28 3:16,26.8,25,20.1,27.4,19.6
2022-12-28 3:47,26.9,25,19.7,27.4,18.8
2022-12-28 4:18,25.9,27.4,20.2,26.9,18.8
2022-12-28 4:49,25.5,25,19.9,27,18.9
2022-12-28 5:20,25.6,24.8,19.9,27.2,19
2022-12-28 5:51,25.6,25.4,20.2,27,18.3
2022-12-28 6:22,23.4,27,19.7,26.8,18.9
2022-12-28 6:53,22.4,25.5,20.1,26.3,19
2022-12-28 7:24,21.8,25.8,20.6,26.3,18.6
2022-12-28 7:55,23.3,26.3,20.6,27.2,18.9
2022-12-28 8:26,22.4,27.4,20.3,27,19.5
2022-12-28 8:57,22.1,26.9,20.2,27.4,18.9
2022-12-28 9:28,21.9,26.9,21.1,27.4,19.9
2022-12-28 9:59,23.3,25.8,20.9,27.5,20.2
2022-12-28 10:30,22.9,27.8,21.9,27.5,20.4
2022-12-28 11:01,23.7,26.2,22.1,27.7,20.7
2022-12-28 11:32,24.3,27.7,22.1,28.2,20.8
2022-12-28 12:03,24.8,28.1,22.6,28.1,20.8
2022-12-28 12:34,25.1,26.8,22.5,28.3,21
2022-12-28 13:05,27.7,26.2,22.2,28.2,20.9
2022-12-28 13:36,28.2,27.7,22.4,28.2,21
2022-12-28 14:07,30.6,26.3,22.5,28.2,21.1
2022-12-28 14:38,30.4,26.4,22.2,28.4,21
2022-12-28 15:09,30.4,26.3,22.2,28.4,21.1
2022-12-28 15:40,31.3,27.5,22.2,28.2,20.7
2022-12-28 16:11,30.7,27.8,21.5,28.3,20.7
2022-12-28 16:42,31.1,25,21.4,28.1,20.4
2022-12-28 17:13,30,27.5,21,28.2,20
2022-12-28 17:44,30.7,27.2,20.6,27.5,19.9
2022-12-28 18:15,30.2,27.5,20.2,27.8,19.5
2022-12-28 18:46,30.7,27.8,20.7,27.3,19.7
2022-12-28 19:17,30.2,28.3,20.6,27,19.6
2022-12-28 19:48,28.5,25,20.8,26.9,19.5
2022-12-28 20:19,31.1,26.9,20.9,27.2,19.5
2022-12-28 20:50,30.4,27.3,20.9,27,19.7
2022-12-28 21:21,31.4,25.6,20.1,27.4,19.6
2022-12-28 21:52,30.4,27.5,20.7,27.2,18.5
2022-12-28 22:23,28.8,26.9,20.4,27.5,18.8
2022-12-28 22:54,27.5,27.5,20.4,27.3,19.4
2022-12-28 23:25,28.6,25.9,19.7,27.2,18.3
2022-12-28 23:56,27.9,26.8,20,27.2,19
2022-12-29 0:27,27.5,24.2,20.3,26.4,18.5
2022-12-29 0:58,27.5,27.3,20.2,27,18.3
2022-12-29 1:29,27.2,28.3,20.6,26,18.7
2022-12-29 2:00,30.1,26.2,20.1,25.6,18.2
2022-12-29 2:31,27.9,25.8,19.6,26.3,17.9
2022-12-29 3:02,26.9,25.1,19.7,25.6,17.8
2022-12-29 3:33,25.6,27.4,19.7,25.6,18
2022-12-29 4:04,25.4,27,19.4,25.6,18.1
2022-12-29 4:35,23.2,25.6,18.9,25.6,17.8
2022-12-29 5:06,22.5,25.9,18.7,25.1,17.5
2022-12-29 5:37,22.1,27.3,18.9,24.8,17.4
2022-12-29 6:08,22,25.2,18.7,24.7,17.1
2022-12-29 6:39,19.7,26,18.2,24.7,17.1
2022-12-29 7:10,20,24.9,18.6,24.7,17.3
2022-12-29 7:41,19.6,24.8,18.7,24.7,17.5
2022-12-29 8:12,18.3,25.4,18.6,25.1,17.5
2022-12-29 8:43,18.6,26,18.9,25.2,17.7
2022-12-29 9:14,18.6,25.6,19,25.1,17.8
2022-12-29 9:45,20.4,25,19.4,25.4,17.5
2022-12-29 10:16,18.2,26.4,19.5,25.6,18.6
2022-12-29 10:47,18.5,25.6,19.6,26,18.6
2022-12-29 11:18,18.5,26.9,20.2,26.2,19.5
2022-12-29 11:49,18.6,26.9,20.2,26,19.4
2022-12-29 12:20,19.6,27.4,20.7,26.8,19.6
2022-12-29 12:51,20.7,27.4,20.6,26.3,19.6
2022-12-29 13:22,20.7,27.4,20.3,26.8,19.6
2022-12-29 13:53,22,27.7,20.6,26.9,19.9
2022-12-29 14:24,22.4,25.8,20.7,27,20.1
2022-12-29 14:55,22.5,27,20.9,26.8,20.1
2022-12-29 15:57,23.1,27.9,20.3,27,19.6
2022-12-29 16:28,23.4,27.5,20.3,26.9,19.5
2022-12-29 16:59,23.4,25.1,20.2,26.8,19.4
2022-12-29 17:30,22.5,27.3,19.5,26.3,18.7
2022-12-29 18:01,21.9,25.8,19.6,26,18.3
2022-12-29 18:32,23.1,24.7,19,25.6,18.8
2022-12-29 19:03,23.1,26,19.7,25.9,18.3
2022-12-29 19:34,22.7,24.2,19.7,26.3,18.7
2022-12-29 20:05,25.2,27.8,19.4,26.2,18.3
2022-12-29 20:36,25.1,27.3,19.4,25.8,18.3
2022-12-29 21:07,22.9,25.1,19.6,25.6,18.7
2022-12-29 21:38,23.3,26,19.5,25.8,18.6
2022-12-29 22:09,24.9,25,19.7,25.5,18.5
2022-12-29 22:40,23.6,28.1,20.2,25.6,18.7
2022-12-29 23:11,25.1,27.3,20,25.6,19.4
2022-12-29 23:42,22.8,25.8,19.7,26.2,18.9
2022-12-30 0:13,22.8,25.1,19.4,25.9,18.8
2022-12-30 0:44,25.2,26.3,19.7,25.4,19
2022-12-30 1:15,24.7,23.8,19.7,25.5,19.4
2022-12-30 1:46,22.2,27.2,20.3,25.6,18.6
2022-12-30 2:17,22.2,25.2,19.9,26.2,19.6
2022-12-30 2:48,23.6,26.9,20.6,25.8,19.6
2022-12-30 3:19,21.8,27.5,20.2,26,19.5
2022-12-30 3:50,23.6,27.3,20.6,26,18.9
2022-12-30 4:21,24.6,24.8,20,25.6,18.3
2022-12-30 4:52,23.2,27.4,20.3,25.6,19
2022-12-30 5:23,23.4,26,20,25.6,18.6
2022-12-30 5:54,20.6,26.9,19.7,26,18.6
2022-12-30 6:25,21.8,25.2,19.5,25.2,18.1
2022-12-30 6:56,20.6,24.3,18.7,25.1,17.9
2022-12-30 7:27,21.4,26.3,19.4,24.9,17.8
2022-12-30 7:58,21,25.8,18.2,24.9,17.7
2022-12-30 8:29,19.6,26.8,18.2,25,18
2022-12-30 9:00,18.9,25.8,19,24.8,18.2
2022-12-30 9:31,18.3,25.6,19.6,25.1,18.8
2022-12-30 10:02,17.7,26,19.6,25.6,19.6
2022-12-30 10:33,19.5,25.6,20.3,25.9,20
2022-12-30 11:04,20.1,26.8,20.7,26,20.3
2022-12-30 11:35,21.1,26,21.2,26.8,20.9
2022-12-30 12:06,21.2,26.3,21.9,27,21.2
2022-12-30 13:08,21.1,27.5,20.7,26.3,20.2
2022-12-30 13:39,21.9,26.9,21.2,26.8,20.8
2022-12-30 14:10,22,25.9,21.8,27,21.2
2022-12-30 14:41,23.3,27.9,22.5,27.3,22.6
2022-12-30 15:12,23.6,27,22.4,27.3,22.2
2022-12-30 15:43,23.6,26,22.2,27.3,22.6
2022-12-30 16:14,23.7,26.2,21.8,27.4,22.2
2022-12-30 16:45,23.8,28.3,21.4,27,22
2022-12-30 17:16,24.8,28.6,20.8,27.5,21.8
2022-12-30 17:47,24.2,27,20.8,27,21.1
2022-12-30 18:18,25.4,25,20.8,27.3,21.2
2022-12-30 18:49,25.6,27,20.9,27.3,21
2022-12-30 19:20,24.7,27.3,20.9,27.2,21.2
2022-12-30 19:51,25.6,27.3,21.2,26.9,21.1
2022-12-30 20:22,24.7,26.9,21,26.9,20.9
2022-12-30 20:53,24.3,28.1,20.6,27.4,20.4
2022-12-30 21:24,25.6,27,21.2,26.9,21
2022-12-30 21:55,25.6,26.3,21.2,26.9,21.1
2022-12-30 22:26,25.2,27.2,20.7,27.4,21.1
2022-12-30 22:57,26,26,21.2,26.9,20.7
2022-12-30 23:28,26,27,20.7,27.5,20.9
2022-12-30 23:59,25.6,25.8,21.1,27.3,21.1
2022-12-31 0:30,25,27.5,20.9,27.4,20.6
2022-12-31 1:01,25.2,28.4,21.2,27.2,20.7
2022-12-31 1:32,25.8,28.2,21.4,26.8,21
2022-12-31 2:03,26,27.3,21,27.4,21
2022-12-31 2:34,25.1,27.5,20.6,27.2,20.6
2022-12-31 3:05,25,27.5,21.2,26.9,20.6
2022-12-31 3:36,25.2,27.5,20.8,27.4,21
2022-12-31 4:07,27.7,26,20.4,26.8,20.4
2022-12-31 4:38,26,27.2,20.7,26.9,20.7
2022-12-31 5:09,26.3,26.4,20.8,26.8,20.1
2022-12-31 5:40,25.5,27.5,20.3,27.2,20.3
2022-12-31 6:11,25.6,26.2,20.3,26.4,20.2
2022-12-31 6:42,27.2,24.7,20.1,27.3,20.4
2022-12-31 7:13,27,25.6,20.6,26.4,20.4
2022-12-31 7:44,26,27,20.1,26.8,20.7
2022-12-31 8:15,25.9,25.8,20.3,26.9,20.8
2022-12-31 8:46,25.9,27.2,20.7,27.4,21.2
2022-12-31 9:17,26.8,27,20.7,27.3,21.8
2022-12-31 9:48,25.6,27,21.4,27.5,22
2022-12-31 10:19,25.2,26.8,21.8,27.7,22.1
2022-12-31 10:50,27,26.8,22.6,27.5,22.7
2022-12-31 11:21,26.8,28.1,23.2,28.1,23.8
2022-12-31 11:52,27.5,27.2,23.2,28.4,23.8
2022-12-31 12:23,27.5,28.2,23.4,28.5,24.3
2022-12-31 12:54,28.1,28.6,23.4,29.3,24.9
2022-12-31 13:25,28.3,30.2,23.4,30.4,24.9
2022-12-31 13:56,29.3,30.9,24.2,31.3,25.4
2022-12-31 14:27,30.4,30.6,24.3,32.3,25.1
2022-12-31 14:58,30.7,32,24.4,32.5,25.4
2022-12-31 15:29,30.7,31.4,24.4,32.5,25.4
2022-12-31 16:00,31.3,31.4,24.3,32.4,25
2022-12-31 16:31,30.9,33.1,23.4,32.2,24.2
2022-12-31 17:02,31.3,29.4,22.4,31.5,23.4
2022-12-31 17:33,30.1,32.3,21.4,30.7,22.7
2022-12-31 18:04,30.4,27.9,20.4,30.4,22
2022-12-31 18:35,31.4,29.4,20.6,29.6,22.4
2022-12-31 19:06,28.5,30.9,20.8,29.7,21.4
2022-12-31 19:37,28.9,27.4,20.8,28.9,21.2
2022-12-31 20:08,32,32.7,20,29.6,21.9
2022-12-31 20:39,30.4,27.8,19.9,29.7,21
2022-12-31 21:10,27.7,27.8,20.2,28.8,21
2022-12-31 21:41,30.4,28.8,20.3,28.8,20.8
2022-12-31 22:12,30.4,29.3,20.6,29.3,21.1
2022-12-31 22:43,31.5,28.2,20.3,28.8,21.4
2022-12-31 23:14,31.4,29.4,20.9,28.3,21.4
2022-12-31 23:45,29.7,28.5,19.9,28.6,21.8
2023-01-01 0:16,28.8,29.7,20.1,28.6,20.9
2023-01-01 0:47,29.6,27.7,19.7,28.4,20.6
2023-01-01 1:18,30.7,25.9,20.2,27.5,20.9
2023-01-01 1:49,30.7,28.9,20.4,28.2,20.8
2023-01-01 2:20,31.3,25.6,19.7,28.2,20.1
2023-01-01 2:51,30.4,26.4,19.6,28.1,20.3
2023-01-01 3:22,28.5,29.8,20.1,27.5,20
2023-01-01 3:53,28.4,29.8,19.6,27.8,20.7
2023-01-01 4:24,30.7,25.9,19.6,27.4,20.3
2023-01-01 4:55,29.8,27.3,20,27.5,19.6
2023-01-01 5:26,29.7,28.1,20.1,27.2,20.3
2023-01-01 5:57,27.5,27.9,19.6,27.3,20.7
2023-01-01 6:28,27.2,27.7,20.3,27.2,20.1
2023-01-01 6:59,28.9,25.6,19.5,27.2,19.7
2023-01-01 7:30,27.7,26.2,20.1,26.8,19.7
2023-01-01 8:01,25,26.9,20.3,26.8,20
2023-01-01 8:32,25.6,28.1,20.1,27.2,20
2023-01-01 9:03,24.7,27.4,20.7,27.3,21
2023-01-01 9:34,27.8,27.9,21.8,27.5,20.9
2023-01-01 10:05,27.5,27,21.8,27.7,21
2023-01-01 10:36,27.7,28.3,22.2,28.2,22.1
2023-01-01 11:07,28.3,27.2,22.9,28.5,22.5
2023-01-01 11:38,28.5,28.4,23.4,29.3,23.2
2023-01-01 12:09,29.7,29.3,24.4,30.1,23.6
2023-01-01 12:40,29.7,29.7,25.2,30.7,24.6
2023-01-01 13:11,29.7,30,25.4,31.4,24.7
2023-01-01 13:42,30.2,30.7,25.5,32.2,25.1
2023-01-01 14:13,30.1,30.7,26.2,32.9,25.6
2023-01-01 14:44,30.7,31.5,25.6,33.1,25.6
2023-01-01 15:15,30.6,30.7,25.2,33.1,25.8
2023-01-01 15:46,30.9,32,24.9,32.7,25.1
2023-01-01 16:17,30.6,31.4,23.7,32.1,24.2
2023-01-01 16:48,31.3,28.3,22.9,30.9,23.2
2023-01-01 17:19,29.7,27.7,22,30.9,22.8
2023-01-01 17:50,30,26.4,21.4,29.7,22.5
2023-01-01 18:52,32.1,26.9,20.8,30.1,22
2023-01-01 19:23,29.4,27.7,20.9,28.6,22.2
2023-01-01 19:54,32.3,28.4,20.4,28.6,21.8
2023-01-01 20:25,29.8,27.2,20.9,28.6,22
2023-01-01 20:56,31.1,26.8,20.7,29.3,21
2023-01-01 21:58,28.8,27.5,20,28.2,21.1
2023-01-01 22:28,29.7,28.2,20.8,27.8,20.9
2023-01-01 22:59,29.7,26.8,20.4,27.9,20.6
2023-01-01 23:30,30.7,27.8,20.2,27.5,21.1
2023-01-02 0:01,30.1,26.4,19.7,27.9,20.6
2023-01-02 0:32,32.1,24.7,19.7,27.8,21
2023-01-02 1:03,28.4,27.4,19.7,27.4,21.4
2023-01-02 1:34,27.9,30.1,19.9,27.5,20.8
2023-01-02 2:05,29.3,28.5,19.6,27.5,21.2
2023-01-02 2:36,30.4,25.6,19.6,27.4,21.2
2023-01-02 3:07,27.2,28.4,20.4,27.4,20
2023-01-02 3:38,27.7,26.2,19.7,27,20.2
2023-01-02 4:09,30.1,26.8,19.7,26.9,20.2
2023-01-02 4:40,27.4,27.4,20,26.8,19.9
2023-01-02 5:11,30,26.8,19.6,27,19.7
2023-01-02 5:42,27.3,26.8,19.6,26.9,20.1
2023-01-02 6:13,27,24.9,19.4,25.9,19.5
2023-01-02 6:44,29.3,25.5,19,25.6,19.4
2023-01-02 7:15,27.5,26.4,18.6,26,18.9
2023-01-02 7:47,26.4,26.8,18.7,25.6,18.9
2023-01-02 8:17,25.9,25,19,25.2,19.7
2023-01-02 8:48,24.4,25.6,20.7,25.9,20.6
2023-01-02 9:19,25.1,25.6,22.6,26.2,21.5
2023-01-02 9:50,25.6,26.9,23.1,27,22.6
2023-01-02 10:21,27.3,26.9,23.6,27.2,23.4
2023-01-02 10:52,27.5,27.5,24.3,27.8,23.6
2023-01-02 11:23,28.3,28.1,24.2,28.3,23.7
2023-01-02 11:54,28.8,28.1,24.7,29.3,24.3
2023-01-02 12:25,29.4,28.4,24.9,29.7,24.3
2023-01-02 12:56,29.7,29.7,25.4,30.4,24.4
2023-01-02 13:27,29.4,29.4,25.4,30.7,24.7
2023-01-02 13:58,29.6,29.8,25.1,30.9,24.6
2023-01-02 14:29,30.2,29.7,25.1,31.3,24.7
2023-01-02 15:00,30,30,24.8,31.1,24.3
2023-01-02 15:31,30.7,28.9,24.7,30.7,23.7
2023-01-02 16:02,29.7,29.8,23.8,29.7,23.6
2023-01-02 16:33,29.4,26.8,22.8,29.3,23.2
2023-01-02 17:04,30.2,27.2,22.2,27.9,22.6
2023-01-02 17:36,30.6,27.8,20.7,27.7,21.9
2023-01-02 18:06,30.1,27.5,20.7,26.9,21.9
2023-01-02 18:37,28.8,28.3,20.6,27.2,22
2023-01-02 19:08,32.2,29.3,20.6,27.2,21.5
2023-01-02 19:39,30.1,27.8,20.3,27,21.2
2023-01-02 20:10,29.6,27,20,26.9,20.8
2023-01-02 20:41,30.4,25.2,20.6,25.9,20.7
2023-01-02 21:12,28.6,25.1,20.1,26.2,20.7
2023-01-02 21:43,28.2,26.9,20.2,25.9,20.3
2023-01-02 22:14,27.3,25.1,20.1,25.9,20.7
2023-01-02 22:45,27.7,24.3,19.6,25.4,19.7
2023-01-02 23:16,27.3,25.1,19.6,25.6,19.9
2023-01-02 23:47,28.5,25.1,19.6,25.6,19.6
2023-01-03 0:18,29.4,23.8,19.4,25.6,19.6
2023-01-03 0:49,28.8,23.6,19.5,25.1,19.6
2023-01-03 1:20,28.6,23.4,19.7,25.2,20
2023-01-03 1:51,29.3,25.1,19.5,24.6,19.6
2023-01-03 2:22,26.3,23.6,19.6,24.7,19.6
2023-01-03 2:53,28.1,25.1,19.4,24.3,19.6
2023-01-03 3:24,25.9,25.6,19.4,23.8,18.7
2023-01-03 3:55,26.2,24.7,19,24.3,18.8
2023-01-03 4:26,25.6,23.6,18.9,23.4,18.6
2023-01-03 4:57,26.8,23.4,18.8,23.2,18.5
2023-01-03 5:28,26.8,24.2,18.9,23.1,18.5
2023-01-03 5:59,24.6,24.3,18.6,23.1,18.6
2023-01-03 6:30,23.8,23.3,18.1,22.7,18.5
2023-01-03 7:01,23.7,23.2,18.3,22.4,18.7
2023-01-03 7:32,24.2,24.2,17.8,22.8,18.3
2023-01-03 8:03,22.7,23.2,18.2,22.5,18.7
2023-01-03 8:34,20.9,23.6,18.8,22.6,19.6
2023-01-03 9:05,21.4,23.4,20.3,23.6,20.7
2023-01-03 9:36,22.4,25.4,21.1,24.2,21.8
2023-01-03 10:07,20.9,25.1,22.6,24.6,22.6
2023-01-03 10:38,23.2,26.9,23.1,25.1,23.3
2023-01-03 11:09,23.7,26.3,23.6,25.6,23.6
2023-01-03 11:40,24.2,27,24.6,26.3,24.2
2023-01-03 12:11,25.2,27.4,24.9,27,24.3
2023-01-03 12:42,26.2,27.5,25.2,27.5,24.4
2023-01-03 13:13,26.4,28.1,25.4,27.7,24.4
2023-01-03 13:44,26.8,28.5,25.6,28.2,24.7
2023-01-03 14:15,27.5,29.4,25.9,28.5,24.9
2023-01-03 14:46,28.2,29.7,25.9,29.6,25.1
2023-01-03 15:17,28.6,29.4,25.4,29.4,24.7
2023-01-03 15:48,28.6,28.2,24.7,28.4,23.8
2023-01-03 16:19,28.1,28.6,24.6,28.2,23.8
2023-01-03 16:50,27.8,28.6,22.8,26.9,22.9
2023-01-03 17:21,28.9,25.4,21.8,26.3,22
2023-01-03 17:52,28.2,24.7,21,25.9,21.4
2023-01-03 18:23,28.3,26.3,21.1,24.9,21.5
2023-01-03 18:54,29.3,24.9,21.9,25.5,21
2023-01-03 19:25,27,27.2,20.9,25.4,21.4
2023-01-03 19:56,27.4,25.5,20.9,25,21.5
2023-01-03 20:58,27.3,23.2,21.2,24.2,21.8
2023-01-03 21:29,28.1,24.2,20.6,24.4,20.9
2023-01-03 22:00,27.3,24.4,20.7,23.8,20.3
2023-01-03 22:31,27.5,23.8,20.1,24.2,20.6
2023-01-03 23:02,28.3,24.8,20.1,23.8,20.1
2023-01-03 23:33,28.6,24.4,20.1,23.3,20.4
2023-01-04 0:04,25.9,25.2,19.9,23.4,19.6
2023-01-04 0:35,25.6,25.5,20,23.2,20.6
2023-01-04 1:06,25.9,24.4,20,23.2,20
2023-01-04 1:37,27.7,24.6,19.6,23.1,19.5
2023-01-04 2:08,25.8,23.8,19,23.1,19.9
2023-01-04 2:39,26.3,23.6,19,22.9,19.5
2023-01-04 3:10,27.4,23.1,19.6,23.3,19.5
2023-01-04 3:41,25.6,25,19.7,23.2,19.6
2023-01-04 4:12,27.7,22.1,19.6,23.2,19.7
2023-01-04 4:43,25.1,24.6,20.2,23.1,20.1
2023-01-04 5:14,26.3,24.9,20.1,23.4,20.1
2023-01-04 5:45,25.1,25,20.6,23.4,20.4
2023-01-04 6:16,25.8,23.3,20,23.4,20.3
2023-01-04 6:47,25.2,23.2,20.4,23.2,20.2
2023-01-04 7:18,25.1,24.6,20.2,22.9,20.3
2023-01-04 7:49,23.8,24.2,20,23.4,20.2
2023-01-04 8:20,23.8,23.1,20.4,23.1,20.2
2023-01-04 8:51,22.8,23.4,20.4,23.4,20.6
2023-01-04 9:22,23.4,24.7,22,23.8,21.8
2023-01-04 9:53,23.7,25.2,23.3,23.8,22.8
2023-01-04 10:24,24.9,26.4,23.6,24.8,23.2
2023-01-04 10:55,25,27,24.6,25.4,23.4
2023-01-04 12:28,26.8,28.4,25.6,27.3,24.8
2023-01-04 12:59,27.2,27.9,25.6,27.4,24.8
2023-01-04 13:30,27.5,28.6,25.4,27.5,24.8
2023-01-04 14:01,27.3,29.6,25.5,27.5,24.8
2023-01-04 14:32,27.4,29.6,25.2,27.8,24.4
2023-01-04 15:03,27.5,29.6,25,27.7,23.8
2023-01-04 15:34,28.6,27,24.4,27.7,23.6
2023-01-04 16:05,28.1,28.3,23.6,27,23.2
2023-01-04 16:36,28.9,28.1,22.9,26.8,22.9
2023-01-04 17:38,28.8,25.1,21.1,25.5,21.8
2023-01-04 18:40,29.3,24.6,21.2,24.4,21.4
2023-01-04 19:11,27.5,23.2,21.4,24.4,20.7
2023-01-04 19:42,29.4,24.4,21.5,24.7,20.9
2023-01-04 20:13,28.4,24.9,21.1,24.4,20.7
2023-01-04 20:44,29.7,23.8,21,23.7,21.1
2023-01-04 21:15,29.3,23.4,20.6,24.2,20.9
2023-01-04 21:46,26.9,23.8,20.6,23.8,21.1
2023-01-04 22:17,27.8,25.4,20.9,23.6,20.8
2023-01-04 22:48,29.3,23.4,20.2,23.6,21
2023-01-04 23:19,25.9,24.3,20.8,23.4,20.2
2023-01-04 23:50,25.6,25.4,20.3,23.6,20.6
2023-01-05 0:21,28.8,23.8,20.8,23.2,20.1
2023-01-05 0:52,28.4,22.6,20.4,23.1,20.8
2023-01-05 1:23,25.8,24.3,20,23.4,20.7
2023-01-05 1:54,26.8,23.3,20.2,23.4,20.2
2023-01-05 2:25,27,24.7,20.1,23.3,20.7
2023-01-05 2:56,28.3,22.7,20.3,23.2,19.9
2023-01-05 3:27,28.2,25.4,20.6,23.4,20.4
2023-01-05 3:58,25.2,25.1,20.7,22.9,20
2023-01-05 4:29,27.4,24.3,20.9,23.3,20.1
2023-01-05 5:00,26.9,23.8,20.7,23.4,20.4
2023-01-05 5:31,27.3,25,20.9,23.7,20.9
2023-01-05 6:02,25.8,23.7,20.6,23.4,20.8
2023-01-05 6:33,25,25.1,21,23.4,20.6
2023-01-05 7:04,25.4,24.7,20.4,23.6,20.6
2023-01-05 7:35,25.6,23.7,20.3,23.7,20.6
2023-01-05 8:06,25.1,24.6,20.8,23.4,20.8
2023-01-05 8:37,27.2,23.6,21.1,23.4,20.9
2023-01-05 9:08,25.5,24.2,21.4,23.8,21.2
2023-01-05 9:39,25.5,24.3,21.8,23.7,21.2
2023-01-05 10:41,26.2,26.3,22.9,25.1,22.7
2023-01-05 11:12,26.2,27.2,23.6,25.4,23.1
2023-01-05 11:43,27.4,26.9,24.2,26.2,23.6
2023-01-05 12:14,27.4,27.2,24.8,26.3,24.2
2023-01-05 12:45,27.4,27.4,25.1,27.2,24.6
2023-01-05 13:16,27.5,28.4,25.6,27.7,24.8
2023-01-05 13:47,27.4,29.4,25.6,27.9,25.2
2023-01-05 14:18,27.5,27.8,25.5,28.1,25.1
2023-01-05 14:49,27.8,29.7,25.8,28.5,25.1
2023-01-05 15:20,28.1,27.8,25.6,28.2,24.8
2023-01-05 15:51,27.5,28.8,24.9,27.7,24.6
2023-01-05 16:22,27.5,26.8,24.2,27.3,23.4
2023-01-05 16:53,27.4,25.6,22.5,25.9,23.1
2023-01-05 17:24,27.2,25.1,21.5,25.6,22
2023-01-05 17:55,27,25.6,20.9,25.5,21.4
2023-01-05 18:26,27.7,26.4,21.1,25.6,21.9
2023-01-05 18:57,27.5,26.2,21.4,25.5,21.8
2023-01-05 19:28,28.4,23.6,22.1,25.1,22.4
2023-01-05 19:59,27.8,24.2,21.1,25.6,21.2
2023-01-05 20:30,27.4,24.6,21.4,25.6,21.4
2023-01-05 21:01,28.5,25.4,20.9,25.1,21.5
2023-01-05 21:32,27.5,24.4,21.2,24.9,21.2
2023-01-05 22:03,28.2,25,21,25.2,21.1
2023-01-05 22:34,29.6,25.4,21.4,25,21.4
2023-01-05 23:05,28.8,24.9,21.8,25.4,21.8
2023-01-05 23:36,27.7,25.5,22.1,24.8,21
2023-01-06 0:07,27.4,24.4,21.1,25.1,21.5
2023-01-06 0:38,27.5,24.9,21,25.1,21.4
2023-01-06 1:09,29.6,25,21.2,24.7,20.7
2023-01-06 1:40,25.8,24.8,20.8,24.7,21.8
2023-01-06 2:11,26.2,24.7,21.5,24.4,20.9
2023-01-06 2:42,27.9,24.7,21.4,24.3,20.8
2023-01-06 3:13,28.3,24.2,21,24.7,21.1
2023-01-06 3:44,26.8,25,21,24.4,21.5
2023-01-06 4:15,28.9,23.6,21,23.8,21.2
2023-01-06 4:46,26.8,25.1,20.6,24.3,21
2023-01-06 5:17,27.8,23.3,20.7,23.6,20.4
2023-01-06 5:48,26.3,24.4,20.9,23.4,20.4
2023-01-06 6:19,27.8,24.7,20.7,23.6,21
2023-01-06 6:50,26.2,23.4,20.2,23.7,21
2023-01-06 7:21,26.2,24.3,21,23.4,21.2
2023-01-06 7:52,26.3,23.3,20.6,23.3,21.1
2023-01-06 8:23,26.3,24.4,20.6,23.3,20.9
2023-01-06 8:54,27.3,24.8,21,23.7,20.9
2023-01-06 9:25,26,24.8,21.5,24.3,21.5
2023-01-06 9:56,26.4,25.9,22.8,24.8,22.6
2023-01-06 10:27,27.4,26.3,22.9,25.5,22.8
2023-01-06 10:58,27.5,25.8,23.8,25.9,23.3
2023-01-06 11:29,28.3,27,23.8,26.4,23.4
2023-01-06 12:00,28.4,26.4,24.6,27.2,23.7
